{
  "model_path": "Cache/Training/diffusion_H512L2C128D2_20260223_203349/diffusion_H512L2C128D2_20260223_203349",
  "model_type": "diffusion_mlm",
  "n_batches": 20,
  "n_samples": 320,
  "effective_rank": 11.827444314956665,
  "effective_rank_normalized": 0.09240190871059895,
  "dimensions_for_95_variance": 19.0,
  "top_1_variance_ratio": 0.23290056362748146,
  "top_5_variance_ratio": 0.5809117138385773,
  "max_concept_similarity": 0.99999940097332,
  "mean_concept_similarity": 0.1866757948567548,
  "std_concept_similarity": 0.17413477525115012,
  "uniformity_loss": 0.047641024179756644,
  "isotropy": 1.0824763668759728e-09,
  "participation_ratio": 32.82872695922852,
  "participation_ratio_normalized": 0.0641186073422432,
  "mean_dimension_std": 0.8888811409473419,
  "min_dimension_std": 0.6310560584068299,
  "max_dimension_std": 1.3203951478004456,
  "collapsed_dimensions": 0.0,
  "collapsed_dimensions_ratio": 0.0,
  "mean_concept_norm": 21.739713382720947,
  "std_concept_norm": 0.13868967741727828,
  "min_concept_norm": 21.32121057510376,
  "max_concept_norm": 21.970635604858398,
  "global_effective_rank": 10.098847389221191,
  "global_effective_rank_normalized": 0.07889724522829056,
  "top5_singular_values": [
    90.42655181884766,
    64.28268432617188,
    56.05000305175781,
    51.56964874267578,
    48.911251068115234
  ]
}