json,hunt_dir,scale,task,recipe,seq_len,hidden,message_ratio,message_identity_slots,message_slots_inplace,message_pool_remainder,message_keep_local_swa,message_extra_slot_attends,global_layers,n_distractors,calibrated,arch,params,acc,step,recovered_bits,information_flow,bytes_per_input_token,prize_bits
e25_1280_ip_r8_h256_recall_extrahop/bridge_1k_recall_single.json,e25_1280_ip_r8_h256_recall_extrahop,bridge_1k,recall_single,recall_single,1280,256,8,True,True,False,False,1,1,,True,dense,2260816,0.93701171875,3200,58.936755430197834,0.9208868035968412,0.005755542522480258,64.0
e25_1280_ip_r8_h256_recall_extrahop/bridge_1k_recall_single.json,e25_1280_ip_r8_h256_recall_extrahop,bridge_1k,recall_single,recall_single,1280,256,8,True,True,False,False,1,1,,True,e18,2260813,1.0,1200,63.990768810388914,0.9998557626623268,0.006249098516639543,64.0
e25_1280_ip_r8_h256_recall_extrahop/bridge_1k_recall_single.json,e25_1280_ip_r8_h256_recall_extrahop,bridge_1k,recall_single,recall_single,1280,256,8,True,True,False,False,1,1,,True,e21,2277453,0.25048828125,3200,0.009743673205821103,0.00015224489384095473,9.515305865059671e-07,64.0
e25_1280_ip_r8_h256_recall_extrahop/bridge_1k_recall_single.json,e25_1280_ip_r8_h256_recall_extrahop,bridge_1k,recall_single,recall_single,1280,256,8,True,True,False,False,1,1,,True,e18_local,2260812,0.25048828125,3200,0.0,0.0,0.0,64.0
e25_bridge1k_1152_ip_id_match2_nd1/bridge_1k_recall.json,e25_bridge1k_1152_ip_id_match2_nd1,bridge_1k,recall,recall,1152,128,1,True,True,False,False,0,1,,False,dense,594892,0.2412109375,3200,0.0,0.0,0.0,64.0
e25_bridge1k_1280_ip_id_h256_recall/bridge_1k_recall_single.json,e25_bridge1k_1280_ip_id_h256_recall,bridge_1k,recall_single,recall_single,1280,256,1,True,True,False,False,0,1,,True,dense,2260816,1.0,250,63.96547805551014,0.9994605946173459,0.006246628716358412,64.0
e25_bridge1k_1280_ip_id_h256_recall/bridge_1k_recall_single.json,e25_bridge1k_1280_ip_id_h256_recall,bridge_1k,recall_single,recall_single,1280,256,1,True,True,False,False,0,1,,True,e18,2260813,1.0,400,63.94729084315489,0.9991764194242951,0.006244852621401844,64.0
e25_bridge1k_1280_ip_id_h256_recall/bridge_1k_recall_single.json,e25_bridge1k_1280_ip_id_h256_recall,bridge_1k,recall_single,recall_single,1280,256,1,True,True,False,False,0,1,,True,e21,2277453,1.0,800,63.942585744479814,0.9991029022574971,0.006244393139109357,64.0
e25_bridge1k_1280_ip_id_h256_recall/bridge_1k_recall_single.json,e25_bridge1k_1280_ip_id_h256_recall,bridge_1k,recall_single,recall_single,1280,256,1,True,True,False,False,0,1,,True,e18_local,2260812,0.25048828125,800,0.0023112709661339647,3.61136088458432e-05,2.2571005528652e-07,64.0
e25_bridge1k_1280_ip_id_match2_nd1/bridge_1k_recall.json,e25_bridge1k_1280_ip_id_match2_nd1,bridge_1k,recall,recall,1280,128,1,True,True,False,False,0,1,,True,dense,594892,0.98876953125,3200,62.94238344445167,0.9834747413195574,0.006146717133247234,64.0
e25_bridge1k_1280_ip_id_match2_nd1/bridge_1k_recall.json,e25_bridge1k_1280_ip_id_match2_nd1,bridge_1k,recall,recall,1280,128,1,True,True,False,False,0,1,,True,e18,594892,0.24951171875,3200,0.003101015298895982,4.845336404524972e-05,3.0283352528281074e-07,64.0
e25_bridge1k_1280_ip_id_match2_nd1/bridge_1k_recall.json,e25_bridge1k_1280_ip_id_match2_nd1,bridge_1k,recall,recall,1280,128,1,True,True,False,False,0,1,,True,e21,603212,0.26123046875,3200,0.011510278995483873,0.00017984810930443551,1.124050683152722e-06,64.0
e25_bridge1k_1280_ip_id_match2_nd1/bridge_1k_recall.json,e25_bridge1k_1280_ip_id_match2_nd1,bridge_1k,recall,recall,1280,128,1,True,True,False,False,0,1,,True,e18_local,594892,0.24267578125,3200,0.0,0.0,0.0,64.0
e25_bridge1k_1280_ip_id_match2_nd1_extrahop/bridge_1k_recall.json,e25_bridge1k_1280_ip_id_match2_nd1_extrahop,bridge_1k,recall,recall,1280,128,1,True,True,False,False,1,1,,True,dense,594892,0.99462890625,1150,63.195395140827046,0.9874280490754226,0.006171425306721391,64.0
e25_bridge1k_1280_ip_id_match2_nd1_extrahop/bridge_1k_recall.json,e25_bridge1k_1280_ip_id_match2_nd1_extrahop,bridge_1k,recall,recall,1280,128,1,True,True,False,False,1,1,,True,e18,594892,0.24951171875,1150,0.0,0.0,0.0,64.0
e25_bridge1k_1280_ip_id_match2_nd1_extrahop/bridge_1k_recall.json,e25_bridge1k_1280_ip_id_match2_nd1_extrahop,bridge_1k,recall,recall,1280,128,1,True,True,False,False,1,1,,True,e21,603212,0.24951171875,1150,0.005283131173043298,8.254892457880154e-05,5.159307786175096e-07,64.0
e25_bridge1k_1280_ip_id_match2_nd1_extrahop/bridge_1k_recall.json,e25_bridge1k_1280_ip_id_match2_nd1_extrahop,bridge_1k,recall,recall,1280,128,1,True,True,False,False,1,1,,True,e18_local,594892,0.26123046875,1150,0.008769563471334155,0.00013702442923959617,8.56402682747476e-07,64.0
e25_bridge1k_1280_ip_r4_h256_recall/bridge_1k_recall_single.json,e25_bridge1k_1280_ip_r4_h256_recall,bridge_1k,recall_single,recall_single,1280,256,4,True,True,False,False,0,1,,True,dense,2260816,1.0,250,63.97727323033282,0.9996448942239503,0.006247780588899689,64.0
e25_bridge1k_1280_ip_r4_h256_recall/bridge_1k_recall_single.json,e25_bridge1k_1280_ip_r4_h256_recall,bridge_1k,recall_single,recall_single,1280,256,4,True,True,False,False,0,1,,True,e18,2260813,1.0,350,63.97671567870209,0.9996361824797202,0.006247726140498251,64.0
e25_bridge1k_1280_ip_r4_h256_recall/bridge_1k_recall_single.json,e25_bridge1k_1280_ip_r4_h256_recall,bridge_1k,recall_single,recall_single,1280,256,4,True,True,False,False,0,1,,True,e21,2277453,0.47412109375,800,24.910159595676706,0.38922124368244854,0.0024326327730153034,64.0
e25_bridge1k_1280_ip_r4_h256_recall/bridge_1k_recall_single.json,e25_bridge1k_1280_ip_r4_h256_recall,bridge_1k,recall_single,recall_single,1280,256,4,True,True,False,False,0,1,,True,e18_local,2260812,0.25048828125,800,0.0,0.0,0.0,64.0
e25_bridge1k_1280_ip_r4_h256_recall_s8k/bridge_1k_recall_single.json,e25_bridge1k_1280_ip_r4_h256_recall_s8k,bridge_1k,recall_single,recall_single,1280,256,4,True,True,False,False,0,1,,True,e18,2260813,1.0,6200,63.052688129218204,0.9851982520190344,0.006157489075118965,64.0
e25_bridge1k_1280_ip_r4_h256_recall_s8k/bridge_1k_recall_single.json,e25_bridge1k_1280_ip_r4_h256_recall_s8k,bridge_1k,recall_single,recall_single,1280,256,4,True,True,False,False,0,1,,True,e21,2277453,0.22802734375,8000,0.0,0.0,0.0,64.0
e25_bridge1k_1280_ip_r4_h256_recall_s8k/bridge_1k_recall_single.json,e25_bridge1k_1280_ip_r4_h256_recall_s8k,bridge_1k,recall_single,recall_single,1280,256,4,True,True,False,False,0,1,,True,e18_local,2260812,0.2568359375,8000,0.00432002832821157,6.750044262830578e-05,4.2187776642691113e-07,64.0
e25_bridge1k_1280_ip_r4_rem_h256_recall/bridge_1k_recall_single.json,e25_bridge1k_1280_ip_r4_rem_h256_recall,bridge_1k,recall_single,recall_single,1280,256,4,True,True,True,False,0,1,,True,dense,2260816,0.9970703125,1550,62.386296074017416,0.9747858761565221,0.0060924117259782634,64.0
e25_bridge1k_1280_ip_r4_rem_h256_recall/bridge_1k_recall_single.json,e25_bridge1k_1280_ip_r4_rem_h256_recall,bridge_1k,recall_single,recall_single,1280,256,4,True,True,True,False,0,1,,True,e18,2260813,0.75732421875,1550,39.896894271067886,0.6233889729854357,0.003896181081158973,64.0
e25_bridge1k_1280_ip_r4_rem_h256_recall/bridge_1k_recall_single.json,e25_bridge1k_1280_ip_r4_rem_h256_recall,bridge_1k,recall_single,recall_single,1280,256,4,True,True,True,False,0,1,,True,e21,2277453,0.7197265625,1550,45.311776288650655,0.7079965045101665,0.00442497815318854,64.0
e25_bridge1k_1280_ip_r4_rem_h256_recall/bridge_1k_recall_single.json,e25_bridge1k_1280_ip_r4_rem_h256_recall,bridge_1k,recall_single,recall_single,1280,256,4,True,True,True,False,0,1,,True,e18_local,2260812,0.25048828125,1550,0.0,0.0,0.0,64.0
e25_bridge1k_1280_ip_r4_rem_h256_recall_s8k/bridge_1k_recall_single.json,e25_bridge1k_1280_ip_r4_rem_h256_recall_s8k,bridge_1k,recall_single,recall_single,1280,256,4,True,True,True,False,0,1,,True,e18,2260813,1.0,400,63.955611147481704,0.9993064241794016,0.0062456651511212605,64.0
e25_bridge1k_1280_ip_r4_rem_h256_recall_s8k/bridge_1k_recall_single.json,e25_bridge1k_1280_ip_r4_rem_h256_recall_s8k,bridge_1k,recall_single,recall_single,1280,256,4,True,True,True,False,0,1,,True,e21,2277453,0.22802734375,8000,0.0,0.0,0.0,64.0
e25_bridge1k_1280_ip_r4_rem_h256_recall_s8k/bridge_1k_recall_single.json,e25_bridge1k_1280_ip_r4_rem_h256_recall_s8k,bridge_1k,recall_single,recall_single,1280,256,4,True,True,True,False,0,1,,True,e18_local,2260812,0.2568359375,8000,0.004845607309248313,7.571261420700489e-05,4.7320383879378054e-07,64.0
e25_bridge1k_1280_ip_r8_h256_recall/bridge_1k_recall_single.json,e25_bridge1k_1280_ip_r8_h256_recall,bridge_1k,recall_single,recall_single,1280,256,8,True,True,False,False,0,1,,True,dense,2260816,0.9990234375,550,63.84709691631789,0.997610889317467,0.006235068058234169,64.0
e25_bridge1k_1280_ip_r8_h256_recall/bridge_1k_recall_single.json,e25_bridge1k_1280_ip_r8_h256_recall,bridge_1k,recall_single,recall_single,1280,256,8,True,True,False,False,0,1,,True,e18,2260813,1.0,400,63.94834558050589,0.9991928996954045,0.006244955623096278,64.0
e25_bridge1k_1280_ip_r8_h256_recall/bridge_1k_recall_single.json,e25_bridge1k_1280_ip_r8_h256_recall,bridge_1k,recall_single,recall_single,1280,256,8,True,True,False,False,0,1,,True,e21,2277453,0.22802734375,800,0.0,0.0,0.0,64.0
e25_bridge1k_1280_ip_r8_h256_recall/bridge_1k_recall_single.json,e25_bridge1k_1280_ip_r8_h256_recall,bridge_1k,recall_single,recall_single,1280,256,8,True,True,False,False,0,1,,True,e18_local,2260812,0.25048828125,800,0.004482379950626061,7.003718672853221e-05,4.377324170533263e-07,64.0
e25_bridge1k_1280_ip_r8_h256_recall_extrahop/bridge_1k_recall_single.json,e25_bridge1k_1280_ip_r8_h256_recall_extrahop,bridge_1k,recall_single,recall_single,1280,256,8,True,True,False,False,1,1,,True,dense,2260816,0.93701171875,3200,58.936755430197834,0.9208868035968412,0.005755542522480258,64.0
e25_bridge1k_1280_ip_r8_h256_recall_extrahop/bridge_1k_recall_single.json,e25_bridge1k_1280_ip_r8_h256_recall_extrahop,bridge_1k,recall_single,recall_single,1280,256,8,True,True,False,False,1,1,,True,e18,2260813,1.0,1200,63.990768810388914,0.9998557626623268,0.006249098516639543,64.0
e25_bridge1k_1280_ip_r8_h256_recall_extrahop/bridge_1k_recall_single.json,e25_bridge1k_1280_ip_r8_h256_recall_extrahop,bridge_1k,recall_single,recall_single,1280,256,8,True,True,False,False,1,1,,True,e21,2277453,0.25048828125,3200,0.009743673205821103,0.00015224489384095473,9.515305865059671e-07,64.0
e25_bridge1k_1280_ip_r8_h256_recall_extrahop/bridge_1k_recall_single.json,e25_bridge1k_1280_ip_r8_h256_recall_extrahop,bridge_1k,recall_single,recall_single,1280,256,8,True,True,False,False,1,1,,True,e18_local,2260812,0.25048828125,3200,0.0,0.0,0.0,64.0
e25_bridge1k_1536_ip_id_h256_glob2_recall/bridge_1k_recall_single.json,e25_bridge1k_1536_ip_id_h256_glob2_recall,bridge_1k,recall_single,recall_single,1536,256,1,True,True,False,False,0,2,,True,dense,2802067,1.0,250,63.98158529624971,0.9997122702539017,0.005206834740905738,64.0
e25_bridge1k_1536_ip_id_h256_glob2_recall/bridge_1k_recall_single.json,e25_bridge1k_1536_ip_id_h256_glob2_recall,bridge_1k,recall_single,recall_single,1536,256,1,True,True,False,False,0,2,,True,e18,2802064,0.23486328125,800,0.0,0.0,0.0,64.0
e25_bridge1k_1536_ip_id_h256_glob2_recall/bridge_1k_recall_single.json,e25_bridge1k_1536_ip_id_h256_glob2_recall,bridge_1k,recall_single,recall_single,1536,256,1,True,True,False,False,0,2,,True,e21,2835344,0.24658203125,800,0.0,0.0,0.0,64.0
e25_bridge1k_1536_ip_id_h256_glob2_recall/bridge_1k_recall_single.json,e25_bridge1k_1536_ip_id_h256_glob2_recall,bridge_1k,recall_single,recall_single,1536,256,1,True,True,False,False,0,2,,True,e18_local,2802062,0.24658203125,800,0.0,0.0,0.0,64.0
e25_bridge1k_1536_ip_id_h256_recall/bridge_1k_recall_single.json,e25_bridge1k_1536_ip_id_h256_recall,bridge_1k,recall_single,recall_single,1536,256,1,True,True,False,False,0,1,,True,dense,2260816,1.0,200,63.950097105566854,0.9992202672744821,0.005204272225387927,64.0
e25_bridge1k_1536_ip_id_h256_recall/bridge_1k_recall_single.json,e25_bridge1k_1536_ip_id_h256_recall,bridge_1k,recall_single,recall_single,1536,256,1,True,True,False,False,0,1,,True,e18,2260813,1.0,400,63.94841358352093,0.9991939622425146,0.005204135220013097,64.0
e25_bridge1k_1536_ip_id_h256_recall/bridge_1k_recall_single.json,e25_bridge1k_1536_ip_id_h256_recall,bridge_1k,recall_single,recall_single,1536,256,1,True,True,False,False,0,1,,True,e21,2277453,0.29248046875,800,1.4975559547915303,0.02339931179361766,0.00012187141559175865,64.0
e25_bridge1k_1536_ip_id_h256_recall/bridge_1k_recall_single.json,e25_bridge1k_1536_ip_id_h256_recall,bridge_1k,recall_single,recall_single,1536,256,1,True,True,False,False,0,1,,True,e18_local,2260812,0.24658203125,800,0.0,0.0,0.0,64.0
e25_bridge1k_1536_ip_id_h256_recall_extrahop/bridge_1k_recall_single.json,e25_bridge1k_1536_ip_id_h256_recall_extrahop,bridge_1k,recall_single,recall_single,1536,256,1,True,True,False,False,1,1,,True,dense,2260816,1.0,200,63.920746898397596,0.9987616702874624,0.005201883699413867,64.0
e25_bridge1k_1536_ip_id_h256_recall_extrahop/bridge_1k_recall_single.json,e25_bridge1k_1536_ip_id_h256_recall_extrahop,bridge_1k,recall_single,recall_single,1536,256,1,True,True,False,False,1,1,,True,e18,2260813,1.0,350,63.94192087298772,0.9990925136404332,0.005203606841877256,64.0
e25_bridge1k_1536_ip_id_h256_recall_extrahop/bridge_1k_recall_single.json,e25_bridge1k_1536_ip_id_h256_recall_extrahop,bridge_1k,recall_single,recall_single,1536,256,1,True,True,False,False,1,1,,True,e21,2277453,0.24658203125,800,0.0,0.0,0.0,64.0
e25_bridge1k_1536_ip_id_h256_recall_extrahop/bridge_1k_recall_single.json,e25_bridge1k_1536_ip_id_h256_recall_extrahop,bridge_1k,recall_single,recall_single,1536,256,1,True,True,False,False,1,1,,True,e18_local,2260812,0.24658203125,800,0.0,0.0,0.0,64.0
e25_bridge1k_1536_ip_r16_mean/bridge_1k_far_copy.json,e25_bridge1k_1536_ip_r16_mean,bridge_1k,far_copy,far_copy,1536,256,16,True,True,False,False,0,1,,True,dense,2260816,0.99072265625,300,62.41121868189322,0.9751752919045815,0.005079037978669695,64.0
e25_bridge1k_1536_ip_r16_mean/bridge_1k_far_copy.json,e25_bridge1k_1536_ip_r16_mean,bridge_1k,far_copy,far_copy,1536,256,16,True,True,False,False,0,1,,True,e18,2260813,0.2578125,800,0.0,0.0,0.0,64.0
e25_bridge1k_1536_ip_r16_mean/bridge_1k_far_copy.json,e25_bridge1k_1536_ip_r16_mean,bridge_1k,far_copy,far_copy,1536,256,16,True,True,False,False,0,1,,True,e21,2277453,0.248046875,800,0.0,0.0,0.0,64.0
e25_bridge1k_1536_ip_r16_mean/bridge_1k_far_copy.json,e25_bridge1k_1536_ip_r16_mean,bridge_1k,far_copy,far_copy,1536,256,16,True,True,False,False,0,1,,True,e18_local,2260812,0.259765625,800,0.023576581780018528,0.0003683840903127895,1.918667137045779e-06,64.0
e25_bridge1k_1536_ip_r8_h256_recall/bridge_1k_recall_single.json,e25_bridge1k_1536_ip_r8_h256_recall,bridge_1k,recall_single,recall_single,1536,256,8,True,True,False,False,0,1,,True,dense,2260816,0.9990234375,500,63.64872436340838,0.9945113181782559,0.0051797464488450825,64.0
e25_bridge1k_1536_ip_r8_h256_recall/bridge_1k_recall_single.json,e25_bridge1k_1536_ip_r8_h256_recall,bridge_1k,recall_single,recall_single,1536,256,8,True,True,False,False,0,1,,True,e18,2260813,0.8583984375,800,52.58085107636231,0.8215757980681611,0.0042790406149383385,64.0
e25_bridge1k_1536_ip_r8_h256_recall/bridge_1k_recall_single.json,e25_bridge1k_1536_ip_r8_h256_recall,bridge_1k,recall_single,recall_single,1536,256,8,True,True,False,False,0,1,,True,e21,2277453,0.24658203125,800,0.0,0.0,0.0,64.0
e25_bridge1k_1536_ip_r8_h256_recall/bridge_1k_recall_single.json,e25_bridge1k_1536_ip_r8_h256_recall,bridge_1k,recall_single,recall_single,1536,256,8,True,True,False,False,0,1,,True,e18_local,2260812,0.24658203125,800,0.0,0.0,0.0,64.0
e25_bridge1k_2k_ip_r16_mean/bridge_1k_far_copy.json,e25_bridge1k_2k_ip_r16_mean,bridge_1k,far_copy,far_copy,2048,256,16,True,True,False,,,,,True,dense,2260816,0.99951171875,250,63.78711359739526,0.996673649959301,0.0038932564451535194,64.0
e25_bridge1k_2k_ip_r16_mean/bridge_1k_far_copy.json,e25_bridge1k_2k_ip_r16_mean,bridge_1k,far_copy,far_copy,2048,256,16,True,True,False,,,,,True,e18,2260813,0.2392578125,800,0.0,0.0,0.0,64.0
e25_bridge1k_2k_ip_r16_mean/bridge_1k_far_copy.json,e25_bridge1k_2k_ip_r16_mean,bridge_1k,far_copy,far_copy,2048,256,16,True,True,False,,,,,True,e21,2277453,0.25048828125,800,0.0,0.0,0.0,64.0
e25_bridge1k_2k_ip_r16_mean/bridge_1k_far_copy.json,e25_bridge1k_2k_ip_r16_mean,bridge_1k,far_copy,far_copy,2048,256,16,True,True,False,,,,,True,e18_local,2260812,0.259765625,800,0.013780449986872948,0.00021531953104488981,8.410919181441008e-07,64.0
e25_bridge1k_640_ip_id_h256_select/bridge_1k_select_1decoy.json,e25_bridge1k_640_ip_id_h256_select,bridge_1k,select_1decoy,select_1decoy,640,256,1,True,True,False,False,0,1,,True,dense,2260816,0.998046875,200,63.75851432291147,0.9962267862954918,0.012452834828693648,64.0
e25_bridge1k_640_ip_id_h256_select/bridge_1k_select_1decoy.json,e25_bridge1k_640_ip_id_h256_select,bridge_1k,select_1decoy,select_1decoy,640,256,1,True,True,False,False,0,1,,True,e18,2260813,1.0,300,63.906130012283896,0.9985332814419359,0.012481666018024199,64.0
e25_bridge1k_640_ip_id_h256_select/bridge_1k_select_1decoy.json,e25_bridge1k_640_ip_id_h256_select,bridge_1k,select_1decoy,select_1decoy,640,256,1,True,True,False,False,0,1,,True,e21,2277453,1.0,450,63.94808268890067,0.999188792014073,0.012489859900175912,64.0
e25_bridge1k_640_ip_id_h256_select/bridge_1k_select_1decoy.json,e25_bridge1k_640_ip_id_h256_select,bridge_1k,select_1decoy,select_1decoy,640,256,1,True,True,False,False,0,1,,True,e18_local,2260812,0.2587890625,800,0.0,0.0,0.0,64.0
e25_bridge1k_672_ip_id_h256_select/bridge_1k_select_1decoy.json,e25_bridge1k_672_ip_id_h256_select,bridge_1k,select_1decoy,select_1decoy,672,256,1,True,True,False,False,0,1,,True,dense,2260816,1.0,200,63.76275872574778,0.9962931050898091,0.011860632203450109,64.0
e25_bridge1k_672_ip_id_h256_select/bridge_1k_select_1decoy.json,e25_bridge1k_672_ip_id_h256_select,bridge_1k,select_1decoy,select_1decoy,672,256,1,True,True,False,False,0,1,,True,e18,2260813,1.0,350,63.9312843721562,0.9989263183149406,0.011891979979939769,64.0
e25_bridge1k_672_ip_id_h256_select/bridge_1k_select_1decoy.json,e25_bridge1k_672_ip_id_h256_select,bridge_1k,select_1decoy,select_1decoy,672,256,1,True,True,False,False,0,1,,True,e21,2277453,1.0,500,63.955756118107466,0.9993086893454292,0.011896532016017014,64.0
e25_bridge1k_672_ip_id_h256_select/bridge_1k_select_1decoy.json,e25_bridge1k_672_ip_id_h256_select,bridge_1k,select_1decoy,select_1decoy,672,256,1,True,True,False,False,0,1,,True,e18_local,2260812,0.24560546875,800,0.0,0.0,0.0,64.0
e25_bridge1k_688_ip_id_h256_select/bridge_1k_select_1decoy.json,e25_bridge1k_688_ip_id_h256_select,bridge_1k,select_1decoy,select_1decoy,688,256,1,True,True,False,False,0,1,,True,dense,2260816,1.0,250,63.957359296039535,0.9993337390006177,0.011620159755821136,64.0
e25_bridge1k_688_ip_id_h256_select/bridge_1k_select_1decoy.json,e25_bridge1k_688_ip_id_h256_select,bridge_1k,select_1decoy,select_1decoy,688,256,1,True,True,False,False,0,1,,True,e18,2260813,1.0,350,63.73255489612711,0.9958211702519861,0.01157931593316263,64.0
e25_bridge1k_688_ip_id_h256_select/bridge_1k_select_1decoy.json,e25_bridge1k_688_ip_id_h256_select,bridge_1k,select_1decoy,select_1decoy,688,256,1,True,True,False,False,0,1,,True,e21,2277453,0.7236328125,800,31.572803262493295,0.49332505097645774,0.005736337802051834,64.0
e25_bridge1k_688_ip_id_h256_select/bridge_1k_select_1decoy.json,e25_bridge1k_688_ip_id_h256_select,bridge_1k,select_1decoy,select_1decoy,688,256,1,True,True,False,False,0,1,,True,e18_local,2260812,0.2529296875,800,0.0,0.0,0.0,64.0
e25_bridge1k_688_ip_id_h256_select_s8k/bridge_1k_select_1decoy.json,e25_bridge1k_688_ip_id_h256_select_s8k,bridge_1k,select_1decoy,select_1decoy,688,256,1,True,True,False,False,0,1,,True,dense,2260816,1.0,200,63.963206069295616,0.999425094832744,0.011621222032938883,64.0
e25_bridge1k_688_ip_id_h256_select_s8k/bridge_1k_select_1decoy.json,e25_bridge1k_688_ip_id_h256_select_s8k,bridge_1k,select_1decoy,select_1decoy,688,256,1,True,True,False,False,0,1,,True,e18,2260813,1.0,350,63.96135829844366,0.9993962234131822,0.011620886318757934,64.0
e25_bridge1k_688_ip_id_h256_select_s8k/bridge_1k_select_1decoy.json,e25_bridge1k_688_ip_id_h256_select_s8k,bridge_1k,select_1decoy,select_1decoy,688,256,1,True,True,False,False,0,1,,True,e21,2277453,0.99462890625,400,62.68340418656751,0.9794281904151173,0.011388699888547876,64.0
e25_bridge1k_688_ip_id_h256_select_s8k/bridge_1k_select_1decoy.json,e25_bridge1k_688_ip_id_h256_select_s8k,bridge_1k,select_1decoy,select_1decoy,688,256,1,True,True,False,False,0,1,,True,e18_local,2260812,0.2607421875,8000,0.008409087835125707,0.00013139199742383918,1.5278139235330137e-06,64.0
e25_bridge1k_692_ip_id_h256_select/bridge_1k_select_1decoy.json,e25_bridge1k_692_ip_id_h256_select,bridge_1k,select_1decoy,select_1decoy,692,256,1,True,True,False,False,0,1,,True,dense,2260816,1.0,200,63.96969845333051,0.9995265383332892,0.011555220096338603,64.0
e25_bridge1k_692_ip_id_h256_select/bridge_1k_select_1decoy.json,e25_bridge1k_692_ip_id_h256_select,bridge_1k,select_1decoy,select_1decoy,692,256,1,True,True,False,False,0,1,,True,e18,2260813,1.0,350,63.885489092545654,0.9982107670710259,0.011540008867873132,64.0
e25_bridge1k_692_ip_id_h256_select/bridge_1k_select_1decoy.json,e25_bridge1k_692_ip_id_h256_select,bridge_1k,select_1decoy,select_1decoy,692,256,1,True,True,False,False,0,1,,True,e21,2277453,0.998046875,500,62.758249746353115,0.9805976522867674,0.011336389043777657,64.0
e25_bridge1k_692_ip_id_h256_select/bridge_1k_select_1decoy.json,e25_bridge1k_692_ip_id_h256_select,bridge_1k,select_1decoy,select_1decoy,692,256,1,True,True,False,False,0,1,,True,e18_local,2260812,0.23046875,800,0.0,0.0,0.0,64.0
e25_bridge1k_696_ip_id_h256_keepswa_select/bridge_1k_select_1decoy.json,e25_bridge1k_696_ip_id_h256_keepswa_select,bridge_1k,select_1decoy,select_1decoy,696,256,1,True,True,False,True,0,1,,True,dense,2260816,1.0,200,63.92018554702518,0.9987528991722684,0.01147991838129044,64.0
e25_bridge1k_696_ip_id_h256_keepswa_select/bridge_1k_select_1decoy.json,e25_bridge1k_696_ip_id_h256_keepswa_select,bridge_1k,select_1decoy,select_1decoy,696,256,1,True,True,False,True,0,1,,True,e18,2260813,1.0,350,63.91299695437815,0.9986405774121586,0.011478627326576537,64.0
e25_bridge1k_696_ip_id_h256_keepswa_select/bridge_1k_select_1decoy.json,e25_bridge1k_696_ip_id_h256_keepswa_select,bridge_1k,select_1decoy,select_1decoy,696,256,1,True,True,False,True,0,1,,True,e21,2277453,0.25,800,0.009317156231681337,0.0001455805661200209,1.6733398404600103e-06,64.0
e25_bridge1k_696_ip_id_h256_keepswa_select/bridge_1k_select_1decoy.json,e25_bridge1k_696_ip_id_h256_keepswa_select,bridge_1k,select_1decoy,select_1decoy,696,256,1,True,True,False,True,0,1,,True,e18_local,2260812,0.2470703125,800,0.0,0.0,0.0,64.0
e25_bridge1k_696_ip_id_h256_select/bridge_1k_select_1decoy.json,e25_bridge1k_696_ip_id_h256_select,bridge_1k,select_1decoy,select_1decoy,696,256,1,True,True,False,False,0,1,,True,dense,2260816,1.0,200,63.946047494580476,0.9991569921028199,0.01148456312761862,64.0
e25_bridge1k_696_ip_id_h256_select/bridge_1k_select_1decoy.json,e25_bridge1k_696_ip_id_h256_select,bridge_1k,select_1decoy,select_1decoy,696,256,1,True,True,False,False,0,1,,True,e18,2260813,1.0,350,63.9286798265831,0.9988856222903609,0.011481443934371964,64.0
e25_bridge1k_696_ip_id_h256_select/bridge_1k_select_1decoy.json,e25_bridge1k_696_ip_id_h256_select,bridge_1k,select_1decoy,select_1decoy,696,256,1,True,True,False,False,0,1,,True,e21,2277453,0.25,800,0.0008143339730240784,1.2723968328501225e-05,1.4625250952300258e-07,64.0
e25_bridge1k_696_ip_id_h256_select/bridge_1k_select_1decoy.json,e25_bridge1k_696_ip_id_h256_select,bridge_1k,select_1decoy,select_1decoy,696,256,1,True,True,False,False,0,1,,True,e18_local,2260812,0.2470703125,800,0.0,0.0,0.0,64.0
e25_bridge1k_696_pack32_ip_id_h256_select/800/bridge_1k_select_1decoy.json,e25_bridge1k_696_pack32_ip_id_h256_select,bridge_1k,select_1decoy,select_1decoy,696,256,1,True,True,False,False,0,1,,True,dense,2260816,1.0,200,63.947403180072655,0.9991781746886352,0.011484806605616496,64.0
e25_bridge1k_696_pack32_ip_id_h256_select/800/bridge_1k_select_1decoy.json,e25_bridge1k_696_pack32_ip_id_h256_select,bridge_1k,select_1decoy,select_1decoy,696,256,1,True,True,False,False,0,1,,True,e18,2260813,0.998046875,550,63.33045326703443,0.989538332297413,0.011374003819510493,64.0
e25_bridge1k_696_pack32_ip_id_h256_select/800/bridge_1k_select_1decoy.json,e25_bridge1k_696_pack32_ip_id_h256_select,bridge_1k,select_1decoy,select_1decoy,696,256,1,True,True,False,False,0,1,,True,e21,2277453,0.4970703125,800,31.670255511778194,0.4948477423715343,0.005687905084730279,64.0
e25_bridge1k_696_pack32_ip_id_h256_select/800/bridge_1k_select_1decoy.json,e25_bridge1k_696_pack32_ip_id_h256_select,bridge_1k,select_1decoy,select_1decoy,696,256,1,True,True,False,False,0,1,,True,e18_local,2260812,0.24462890625,800,0.0,0.0,0.0,64.0
e25_bridge1k_696_pack32_ip_id_h256_select/s8k/bridge_1k_select_1decoy.json,e25_bridge1k_696_pack32_ip_id_h256_select,bridge_1k,select_1decoy,select_1decoy,696,256,1,True,True,False,False,0,1,,True,dense,2260816,1.0,200,63.96150595898557,0.9993985306091495,0.011487339432289075,64.0
e25_bridge1k_696_pack32_ip_id_h256_select/s8k/bridge_1k_select_1decoy.json,e25_bridge1k_696_pack32_ip_id_h256_select,bridge_1k,select_1decoy,select_1decoy,696,256,1,True,True,False,False,0,1,,True,e18,2260813,1.0,350,63.91407239145351,0.9986573811164611,0.011478820472603,64.0
e25_bridge1k_696_pack32_ip_id_h256_select/s8k/bridge_1k_select_1decoy.json,e25_bridge1k_696_pack32_ip_id_h256_select,bridge_1k,select_1decoy,select_1decoy,696,256,1,True,True,False,False,0,1,,True,e21,2277453,0.2412109375,8000,0.0,0.0,0.0,64.0
e25_bridge1k_696_pack32_ip_id_h256_select/s8k/bridge_1k_select_1decoy.json,e25_bridge1k_696_pack32_ip_id_h256_select,bridge_1k,select_1decoy,select_1decoy,696,256,1,True,True,False,False,0,1,,True,e18_local,2260812,0.2412109375,8000,0.0,0.0,0.0,64.0
e25_bridge1k_696_spread_ip_id_h256_select/json/bridge_1k_select_1decoy.json,e25_bridge1k_696_spread_ip_id_h256_select,bridge_1k,select_1decoy,select_1decoy,696,256,1,True,True,False,False,0,1,,False,dense,2260816,0.24658203125,3200,0.0,0.0,0.0,64.0
e25_bridge1k_696_w32_ip_id_h256_select/bridge_1k_select_1decoy.json,e25_bridge1k_696_w32_ip_id_h256_select,bridge_1k,select_1decoy,select_1decoy,696,256,1,True,True,False,False,0,1,,True,dense,2260816,0.9990234375,200,63.86811271255212,0.9979392611336269,0.011470566219926745,64.0
e25_bridge1k_696_w32_ip_id_h256_select/bridge_1k_select_1decoy.json,e25_bridge1k_696_w32_ip_id_h256_select,bridge_1k,select_1decoy,select_1decoy,696,256,1,True,True,False,False,0,1,,True,e18,2260813,0.99853515625,600,63.61524311146756,0.9939881736166806,0.011425151420881385,64.0
e25_bridge1k_696_w32_ip_id_h256_select/bridge_1k_select_1decoy.json,e25_bridge1k_696_w32_ip_id_h256_select,bridge_1k,select_1decoy,select_1decoy,696,256,1,True,True,False,False,0,1,,True,e21,2277453,0.25,800,0.002316774410961575,3.619960017127461e-05,4.1608735829051273e-07,64.0
e25_bridge1k_696_w32_ip_id_h256_select/bridge_1k_select_1decoy.json,e25_bridge1k_696_w32_ip_id_h256_select,bridge_1k,select_1decoy,select_1decoy,696,256,1,True,True,False,False,0,1,,True,e18_local,2260812,0.2470703125,800,0.0,0.0,0.0,64.0
e25_bridge1k_704_ip_id_h256_select/bridge_1k_select_1decoy.json,e25_bridge1k_704_ip_id_h256_select,bridge_1k,select_1decoy,select_1decoy,704,256,1,True,True,False,False,0,1,,True,dense,2260816,1.0,300,63.95183443399743,0.9992474130312099,0.011355084238991021,64.0
e25_bridge1k_704_ip_id_h256_select/bridge_1k_select_1decoy.json,e25_bridge1k_704_ip_id_h256_select,bridge_1k,select_1decoy,select_1decoy,704,256,1,True,True,False,False,0,1,,True,e18,2260813,1.0,350,63.89096600367491,0.9982963438074205,0.011344276634175234,64.0
e25_bridge1k_704_ip_id_h256_select/bridge_1k_select_1decoy.json,e25_bridge1k_704_ip_id_h256_select,bridge_1k,select_1decoy,select_1decoy,704,256,1,True,True,False,False,0,1,,True,e21,2277453,0.2568359375,800,0.0,0.0,0.0,64.0
e25_bridge1k_704_ip_id_h256_select/bridge_1k_select_1decoy.json,e25_bridge1k_704_ip_id_h256_select,bridge_1k,select_1decoy,select_1decoy,704,256,1,True,True,False,False,0,1,,True,e18_local,2260812,0.2568359375,800,0.015263628367913808,0.00023849419324865326,2.710161286916514e-06,64.0
e25_bridge1k_768_ip_id_h256_select/bridge_1k_select_1decoy.json,e25_bridge1k_768_ip_id_h256_select,bridge_1k,select_1decoy,select_1decoy,768,256,1,True,True,False,False,0,1,,True,dense,2260816,1.0,250,63.94928381842153,0.9992075596628364,0.010408412079821213,64.0
e25_bridge1k_768_ip_id_h256_select/bridge_1k_select_1decoy.json,e25_bridge1k_768_ip_id_h256_select,bridge_1k,select_1decoy,select_1decoy,768,256,1,True,True,False,False,0,1,,True,e18,2260813,1.0,350,63.96563846426604,0.9994631010041569,0.0104110739687933,64.0
e25_bridge1k_768_ip_id_h256_select/bridge_1k_select_1decoy.json,e25_bridge1k_768_ip_id_h256_select,bridge_1k,select_1decoy,select_1decoy,768,256,1,True,True,False,False,0,1,,True,e21,2277453,0.255859375,800,0.010825100114446444,0.0001691421892882257,1.7618978050856844e-06,64.0
e25_bridge1k_768_ip_id_h256_select/bridge_1k_select_1decoy.json,e25_bridge1k_768_ip_id_h256_select,bridge_1k,select_1decoy,select_1decoy,768,256,1,True,True,False,False,0,1,,True,e18_local,2260812,0.255859375,800,0.0,0.0,0.0,64.0
e25_bridge1k_ip_id_anchors_select/bridge_1k_select_1decoy.json,e25_bridge1k_ip_id_anchors_select,bridge_1k,select_1decoy,select_1decoy,1024,256,1,True,True,False,False,0,,,True,dense,2260816,1.0,1050,63.982358435187265,0.999724350549801,0.0078103464886703205,64.0
e25_bridge1k_ip_id_anchors_select/bridge_1k_select_1decoy.json,e25_bridge1k_ip_id_anchors_select,bridge_1k,select_1decoy,select_1decoy,1024,256,1,True,True,False,False,0,,,True,e18,2260813,0.24853515625,1050,0.0,0.0,0.0,64.0
e25_bridge1k_ip_id_anchors_select/bridge_1k_select_1decoy.json,e25_bridge1k_ip_id_anchors_select,bridge_1k,select_1decoy,select_1decoy,1024,256,1,True,True,False,False,0,,,True,e21,2277453,0.48095703125,1050,31.904418834025755,0.4985065442816524,0.0038945823772004095,64.0
e25_bridge1k_ip_id_anchors_select/bridge_1k_select_1decoy.json,e25_bridge1k_ip_id_anchors_select,bridge_1k,select_1decoy,select_1decoy,1024,256,1,True,True,False,False,0,,,True,e18_local,2260812,0.25732421875,1050,0.0,0.0,0.0,64.0
e25_bridge1k_ip_id_anchors_select/e18_only_bridge_1k_select_1decoy.json,e25_bridge1k_ip_id_anchors_select,bridge_1k,select_1decoy,select_1decoy,1024,256,1,True,True,False,False,0,,,True,e18,2260813,0.24853515625,800,0.0,0.0,0.0,64.0
e25_bridge1k_ip_id_anchors_select_s8k/bridge_1k_select_1decoy.json,e25_bridge1k_ip_id_anchors_select_s8k,bridge_1k,select_1decoy,select_1decoy,1024,256,1,True,True,False,False,0,,,True,e18,2260813,1.0,3250,63.96198524238678,0.9994060194122935,0.007807859526658543,64.0
e25_bridge1k_ip_id_anchors_select_s8k/bridge_1k_select_1decoy.json,e25_bridge1k_ip_id_anchors_select_s8k,bridge_1k,select_1decoy,select_1decoy,1024,256,1,True,True,False,False,0,,,True,e21,2277453,0.392578125,8000,6.476272083590529,0.10119175130610202,0.000790560557078922,64.0
e25_bridge1k_ip_id_anchors_select_s8k/bridge_1k_select_1decoy.json,e25_bridge1k_ip_id_anchors_select_s8k,bridge_1k,select_1decoy,select_1decoy,1024,256,1,True,True,False,False,0,,,True,e18_local,2260812,0.25732421875,8000,0.0008913822006106167,1.3927846884540886e-05,1.0881130378547567e-07,64.0
e25_bridge1k_ip_id_extrahop_select/bridge_1k_select_1decoy.json,e25_bridge1k_ip_id_extrahop_select,bridge_1k,select_1decoy,select_1decoy,1024,256,1,True,True,False,False,1,,,True,dense,2260816,1.0,200,63.9535419986805,0.9992740937293828,0.007806828857260803,64.0
e25_bridge1k_ip_id_extrahop_select/bridge_1k_select_1decoy.json,e25_bridge1k_ip_id_extrahop_select,bridge_1k,select_1decoy,select_1decoy,1024,256,1,True,True,False,False,1,,,True,e18,2260813,1.0,350,63.919831875452594,0.9987473730539468,0.007802713851983959,64.0
e25_bridge1k_ip_id_extrahop_select/bridge_1k_select_1decoy.json,e25_bridge1k_ip_id_extrahop_select,bridge_1k,select_1decoy,select_1decoy,1024,256,1,True,True,False,False,1,,,True,e21,2277453,0.25732421875,800,0.0,0.0,0.0,64.0
e25_bridge1k_ip_id_extrahop_select/bridge_1k_select_1decoy.json,e25_bridge1k_ip_id_extrahop_select,bridge_1k,select_1decoy,select_1decoy,1024,256,1,True,True,False,False,1,,,True,e18_local,2260812,0.24853515625,800,0.0,0.0,0.0,64.0
e25_bridge1k_ip_id_glob2_select/bridge_1k_select_1decoy.json,e25_bridge1k_ip_id_glob2_select,bridge_1k,select_1decoy,select_1decoy,1024,256,1,True,True,False,False,0,2,,True,dense,2802067,1.0,200,63.94545225187693,0.999147691435577,0.0078058413393404455,64.0
e25_bridge1k_ip_id_glob2_select/bridge_1k_select_1decoy.json,e25_bridge1k_ip_id_glob2_select,bridge_1k,select_1decoy,select_1decoy,1024,256,1,True,True,False,False,0,2,,True,e18,2802064,1.0,750,63.966029063738446,0.9994692041209132,0.0078083531571946346,64.0
e25_bridge1k_ip_id_glob2_select/bridge_1k_select_1decoy.json,e25_bridge1k_ip_id_glob2_select,bridge_1k,select_1decoy,select_1decoy,1024,256,1,True,True,False,False,0,2,,True,e21,2835344,0.25732421875,800,0.0,0.0,0.0,64.0
e25_bridge1k_ip_id_glob2_select/bridge_1k_select_1decoy.json,e25_bridge1k_ip_id_glob2_select,bridge_1k,select_1decoy,select_1decoy,1024,256,1,True,True,False,False,0,2,,True,e18_local,2802062,0.24853515625,800,0.0,0.0,0.0,64.0
e25_bridge1k_ip_id_h256_select/bridge_1k_select_1decoy.json,e25_bridge1k_ip_id_h256_select,bridge_1k,select_1decoy,select_1decoy,1024,256,1,True,True,False,,,,,True,dense,2260816,1.0,300,63.9556357248774,0.9993068082012094,0.007807084439071949,64.0
e25_bridge1k_ip_id_h256_select/bridge_1k_select_1decoy.json,e25_bridge1k_ip_id_h256_select,bridge_1k,select_1decoy,select_1decoy,1024,256,1,True,True,False,,,,,True,e18,2260813,1.0,350,63.80300012393112,0.9969218769364238,0.007788452163565811,64.0
e25_bridge1k_ip_id_h256_select/bridge_1k_select_1decoy.json,e25_bridge1k_ip_id_h256_select,bridge_1k,select_1decoy,select_1decoy,1024,256,1,True,True,False,,,,,True,e21,2277453,0.25732421875,800,0.0,0.0,0.0,64.0
e25_bridge1k_ip_id_h256_select/bridge_1k_select_1decoy.json,e25_bridge1k_ip_id_h256_select,bridge_1k,select_1decoy,select_1decoy,1024,256,1,True,True,False,,,,,True,e18_local,2260812,0.24853515625,800,0.0,0.0,0.0,64.0
e25_bridge1k_ip_id_keepswa_select/bridge_1k_select_1decoy.json,e25_bridge1k_ip_id_keepswa_select,bridge_1k,select_1decoy,select_1decoy,1024,256,1,True,True,False,True,,,,True,dense,2260816,1.0,200,63.02748497464318,0.9848044527287997,0.0076937847869437475,64.0
e25_bridge1k_ip_id_keepswa_select/bridge_1k_select_1decoy.json,e25_bridge1k_ip_id_keepswa_select,bridge_1k,select_1decoy,select_1decoy,1024,256,1,True,True,False,True,,,,True,e18,2260813,1.0,400,63.93574852045019,0.9989960706320342,0.007804656801812767,64.0
e25_bridge1k_ip_id_keepswa_select/bridge_1k_select_1decoy.json,e25_bridge1k_ip_id_keepswa_select,bridge_1k,select_1decoy,select_1decoy,1024,256,1,True,True,False,True,,,,True,e21,2277453,0.25830078125,800,0.005786696374769602,9.041713085577503e-05,7.063838348107424e-07,64.0
e25_bridge1k_ip_id_keepswa_select/bridge_1k_select_1decoy.json,e25_bridge1k_ip_id_keepswa_select,bridge_1k,select_1decoy,select_1decoy,1024,256,1,True,True,False,True,,,,True,e18_local,2260812,0.24853515625,800,0.0,0.0,0.0,64.0
e25_bridge1k_ip_id_match2_nd1/bridge_1k_recall.json,e25_bridge1k_ip_id_match2_nd1,bridge_1k,recall,recall,1024,128,1,True,True,False,False,0,1,,True,dense,594892,0.9345703125,3200,58.80942635480505,0.9188972867938289,0.007178885053076788,64.0
e25_bridge1k_ip_id_match2_nd1/bridge_1k_recall.json,e25_bridge1k_ip_id_match2_nd1,bridge_1k,recall,recall,1024,128,1,True,True,False,False,0,1,,True,e18,594892,0.2529296875,3200,0.0,0.0,0.0,64.0
e25_bridge1k_ip_id_match2_nd1/bridge_1k_recall.json,e25_bridge1k_ip_id_match2_nd1,bridge_1k,recall,recall,1024,128,1,True,True,False,False,0,1,,True,e21,603212,0.97802734375,3200,61.8056191831064,0.9657127997360375,0.007544631247937793,64.0
e25_bridge1k_ip_id_match2_nd1/bridge_1k_recall.json,e25_bridge1k_ip_id_match2_nd1,bridge_1k,recall,recall,1024,128,1,True,True,False,False,0,1,,True,e18_local,594892,0.2529296875,3200,0.0,0.0,0.0,64.0
e25_bridge1k_ip_id_qside_select/bridge_1k_select_1decoy.json,e25_bridge1k_ip_id_qside_select,bridge_1k,select_1decoy,select_1decoy,1024,256,1,True,True,False,False,0,1,,True,dense,2260816,1.0,250,63.95726107916613,0.9993322043619708,0.007807282846577897,64.0
e25_bridge1k_ip_id_qside_select/bridge_1k_select_1decoy.json,e25_bridge1k_ip_id_qside_select,bridge_1k,select_1decoy,select_1decoy,1024,256,1,True,True,False,False,0,1,,True,e18,2260813,0.75146484375,800,46.76511430390562,0.7307049109985253,0.005708632117175979,64.0
e25_bridge1k_ip_id_qside_select/bridge_1k_select_1decoy.json,e25_bridge1k_ip_id_qside_select,bridge_1k,select_1decoy,select_1decoy,1024,256,1,True,True,False,False,0,1,,True,e21,2277453,0.25732421875,800,0.0,0.0,0.0,64.0
e25_bridge1k_ip_id_qside_select/bridge_1k_select_1decoy.json,e25_bridge1k_ip_id_qside_select,bridge_1k,select_1decoy,select_1decoy,1024,256,1,True,True,False,False,0,1,,True,e18_local,2260812,0.24853515625,800,0.0,0.0,0.0,64.0
e25_bridge1k_ip_id_updatekv_select/bridge_1k_select_1decoy.json,e25_bridge1k_ip_id_updatekv_select,bridge_1k,select_1decoy,select_1decoy,1024,256,1,True,True,False,False,1,,,True,dense,2260816,1.0,250,63.9527220512383,0.9992612820505984,0.0078067287660203,64.0
e25_bridge1k_ip_id_updatekv_select/bridge_1k_select_1decoy.json,e25_bridge1k_ip_id_updatekv_select,bridge_1k,select_1decoy,select_1decoy,1024,256,1,True,True,False,False,1,,,True,e18,2260813,1.0,450,63.80248179509371,0.9969137780483392,0.00778838889100265,64.0
e25_bridge1k_ip_id_updatekv_select/bridge_1k_select_1decoy.json,e25_bridge1k_ip_id_updatekv_select,bridge_1k,select_1decoy,select_1decoy,1024,256,1,True,True,False,False,1,,,True,e21,2277453,0.25732421875,800,0.0,0.0,0.0,64.0
e25_bridge1k_ip_id_updatekv_select/bridge_1k_select_1decoy.json,e25_bridge1k_ip_id_updatekv_select,bridge_1k,select_1decoy,select_1decoy,1024,256,1,True,True,False,False,1,,,True,e18_local,2260812,0.24853515625,800,0.0,0.0,0.0,64.0
e25_bridge1k_ip_r16_mean/bridge_1k_far_copy.json,e25_bridge1k_ip_r16_mean,bridge_1k,far_copy,far_copy,1024,256,16,True,True,False,,,,,True,dense,2260816,1.0,250,63.946989647788655,0.9991717132466977,0.007806029009739826,64.0
e25_bridge1k_ip_r16_mean/bridge_1k_far_copy.json,e25_bridge1k_ip_r16_mean,bridge_1k,far_copy,far_copy,1024,256,16,True,True,False,,,,,True,e18,2260813,0.9970703125,2750,63.11545212275902,0.9861789394181096,0.0077045229642039815,64.0
e25_bridge1k_ip_r16_mean/bridge_1k_far_copy.json,e25_bridge1k_ip_r16_mean,bridge_1k,far_copy,far_copy,1024,256,16,True,True,False,,,,,True,e21,2277453,0.912109375,8000,53.818056430486166,0.8409071317263463,0.006569586966612081,64.0
e25_bridge1k_ip_r16_mean/bridge_1k_far_copy.json,e25_bridge1k_ip_r16_mean,bridge_1k,far_copy,far_copy,1024,256,16,True,True,False,,,,,True,e18_local,2260812,0.25927734375,8000,0.0005419134540573895,8.467397719646712e-06,6.615154468473993e-08,64.0
e25_bridge1k_ip_r16_mean/bridge_1k_far_copy_3200.json,e25_bridge1k_ip_r16_mean,bridge_1k,far_copy,far_copy,1024,256,16,True,True,False,,,,,True,dense,2260816,0.947265625,3200,59.9769866465314,0.9371404163520531,0.007321409502750415,64.0
e25_bridge1k_ip_r16_mean/bridge_1k_far_copy_3200.json,e25_bridge1k_ip_r16_mean,bridge_1k,far_copy,far_copy,1024,256,16,True,True,False,,,,,True,e18,2260813,1.0,950,63.95444736372476,0.9992882400581994,0.007806939375454683,64.0
e25_bridge1k_ip_r16_mean/bridge_1k_far_copy_3200.json,e25_bridge1k_ip_r16_mean,bridge_1k,far_copy,far_copy,1024,256,16,True,True,False,,,,,True,e21,2277453,0.6884765625,3200,32.367343847422575,0.5057397476159777,0.003951091778249826,64.0
e25_bridge1k_ip_r16_mean/bridge_1k_far_copy_3200.json,e25_bridge1k_ip_r16_mean,bridge_1k,far_copy,far_copy,1024,256,16,True,True,False,,,,,True,e18_local,2260812,0.25927734375,3200,0.010183948792029893,0.00015912419987546708,1.2431578115270866e-06,64.0
e25_bridge1k_ip_r8_h256_recall/bridge_1k_recall_single.json,e25_bridge1k_ip_r8_h256_recall,bridge_1k,recall_single,recall_single,1024,256,8,True,True,False,,,,,True,dense,2260816,0.99365234375,500,62.90386350123769,0.9828728672068389,0.007678694275053429,64.0
e25_bridge1k_ip_r8_h256_recall/bridge_1k_recall_single.json,e25_bridge1k_ip_r8_h256_recall,bridge_1k,recall_single,recall_single,1024,256,8,True,True,False,,,,,True,e18,2260813,1.0,300,62.60863206337381,0.9782598759902158,0.007642655281173561,64.0
e25_bridge1k_ip_r8_h256_recall/bridge_1k_recall_single.json,e25_bridge1k_ip_r8_h256_recall,bridge_1k,recall_single,recall_single,1024,256,8,True,True,False,,,,,True,e21,2277453,0.96484375,8000,60.35194012625478,0.942999064472731,0.007367180191193211,64.0
e25_bridge1k_ip_r8_h256_recall/bridge_1k_recall_single.json,e25_bridge1k_ip_r8_h256_recall,bridge_1k,recall_single,recall_single,1024,256,8,True,True,False,,,,,True,e18_local,2260812,0.23583984375,8000,0.0,0.0,0.0,64.0
e25_bridge1k_ip_r8_h256_recall/bridge_1k_recall_single_800.json,e25_bridge1k_ip_r8_h256_recall,bridge_1k,recall_single,recall_single,1024,256,8,True,True,False,,,,,True,dense,2260816,0.876953125,3200,56.089968230267274,0.8764057535979262,0.006846919949983798,64.0
e25_bridge1k_ip_r8_h256_recall/bridge_1k_recall_single_800.json,e25_bridge1k_ip_r8_h256_recall,bridge_1k,recall_single,recall_single,1024,256,8,True,True,False,,,,,True,e18,2260813,1.0,300,63.95683143963199,0.9993254912442499,0.007807230400345702,64.0
e25_bridge1k_ip_r8_h256_recall/bridge_1k_recall_single_800.json,e25_bridge1k_ip_r8_h256_recall,bridge_1k,recall_single,recall_single,1024,256,8,True,True,False,,,,,True,e21,2277453,0.490234375,3200,24.35141410438637,0.38049084538103706,0.002972584729539352,64.0
e25_bridge1k_ip_r8_h256_recall/bridge_1k_recall_single_800.json,e25_bridge1k_ip_r8_h256_recall,bridge_1k,recall_single,recall_single,1024,256,8,True,True,False,,,,,True,e18_local,2260812,0.24169921875,3200,0.006438854586841372,0.00010060710291939644,7.859929915577847e-07,64.0
e25_bridge1k_ip_r8_h256_select/bridge_1k_select_1decoy.json,e25_bridge1k_ip_r8_h256_select,bridge_1k,select_1decoy,select_1decoy,1024,256,8,True,True,False,,,,,True,dense,2260816,1.0,250,63.95854453060133,0.9993522582906458,0.00780743951789567,64.0
e25_bridge1k_ip_r8_h256_select/bridge_1k_select_1decoy.json,e25_bridge1k_ip_r8_h256_select,bridge_1k,select_1decoy,select_1decoy,1024,256,8,True,True,False,,,,,True,e18,2260813,1.0,350,63.85806953305546,0.9977823364539916,0.0077951745035468095,64.0
e25_bridge1k_ip_r8_h256_select/bridge_1k_select_1decoy.json,e25_bridge1k_ip_r8_h256_select,bridge_1k,select_1decoy,select_1decoy,1024,256,8,True,True,False,,,,,True,e21,2277453,0.25732421875,800,0.0,0.0,0.0,64.0
e25_bridge1k_ip_r8_h256_select/bridge_1k_select_1decoy.json,e25_bridge1k_ip_r8_h256_select,bridge_1k,select_1decoy,select_1decoy,1024,256,8,True,True,False,,,,,True,e18_local,2260812,0.24853515625,800,0.0,0.0,0.0,64.0
e25_bridge1k_ip_r8_recall/bridge_1k_recall_single.json,e25_bridge1k_ip_r8_recall,bridge_1k,recall_single,recall_single,1024,128,8,True,True,False,,,,,True,dense,594892,0.99951171875,6850,63.726153253766576,0.9957211445901027,0.007779071442110178,64.0
e25_bridge1k_ip_r8_recall/bridge_1k_recall_single.json,e25_bridge1k_ip_r8_recall,bridge_1k,recall_single,recall_single,1024,128,8,True,True,False,,,,,True,e18,594892,0.99462890625,500,62.644651464835576,0.9788226791380559,0.0076470521807660615,64.0
e25_bridge1k_ip_r8_recall/bridge_1k_recall_single.json,e25_bridge1k_ip_r8_recall,bridge_1k,recall_single,recall_single,1024,128,8,True,True,False,,,,,True,e21,603212,0.26806640625,8000,0.00920708733512914,0.00014386073961139282,1.1239120282140064e-06,64.0
e25_bridge1k_ip_r8_recall/bridge_1k_recall_single.json,e25_bridge1k_ip_r8_recall,bridge_1k,recall_single,recall_single,1024,128,8,True,True,False,,,,,True,e18_local,594892,0.24169921875,8000,0.0,0.0,0.0,64.0
e25_bridge1k_ip_r8_recall/bridge_1k_recall_single_800.json,e25_bridge1k_ip_r8_recall,bridge_1k,recall_single,recall_single,1024,128,8,True,True,False,,,,,True,dense,594892,0.9990234375,500,63.80462074332249,0.9969471991144139,0.007788649993081358,64.0
e25_bridge1k_ip_r8_recall/bridge_1k_recall_single_800.json,e25_bridge1k_ip_r8_recall,bridge_1k,recall_single,recall_single,1024,128,8,True,True,False,,,,,True,e18,594892,0.25439453125,800,0.0,0.0,0.0,64.0
e25_bridge1k_ip_r8_recall/bridge_1k_recall_single_800.json,e25_bridge1k_ip_r8_recall,bridge_1k,recall_single,recall_single,1024,128,8,True,True,False,,,,,True,e21,603212,0.4306640625,800,13.33485489660451,0.20835710775944546,0.0016277899043706677,64.0
e25_bridge1k_ip_r8_recall/bridge_1k_recall_single_800.json,e25_bridge1k_ip_r8_recall,bridge_1k,recall_single,recall_single,1024,128,8,True,True,False,,,,,True,e18_local,594892,0.26806640625,800,0.02158983819725136,0.0003373412218320525,2.6354782955629103e-06,64.0
e25_bridge256_chain_k13/bridge_chain_ordered.json,e25_bridge256_chain_k13,bridge,chain_ordered,chain_ordered,256,256,1,True,True,False,,,,,True,dense,2260816,0.9639423076923077,3200,24.12146213973691,0.927748543836035,0.011778057685418413,26.0
e25_bridge256_chain_k13/bridge_chain_ordered.json,e25_bridge256_chain_k13,bridge,chain_ordered,chain_ordered,256,256,1,True,True,False,,,,,True,e18,2260813,0.2620192307692308,3200,0.0004869834235241418,1.8730131674005455e-05,2.3778487476764735e-07,26.0
e25_bridge256_chain_k13/bridge_chain_ordered.json,e25_bridge256_chain_k13,bridge,chain_ordered,chain_ordered,256,256,1,True,True,False,,,,,True,e21,2277453,0.24879807692307693,3200,0.0,0.0,0.0,26.0
e25_bridge256_chain_k13/bridge_chain_ordered.json,e25_bridge256_chain_k13,bridge,chain_ordered,chain_ordered,256,256,1,True,True,False,,,,,True,e18_local,2260812,0.25600961538461536,3200,0.0,0.0,0.0,26.0
e25_bridge256_chain_k13_glob2/bridge_chain_ordered.json,e25_bridge256_chain_k13_glob2,bridge,chain_ordered,chain_ordered,256,256,1,True,True,False,False,0,2,,True,dense,2802067,0.9915865384615384,1800,25.463699276543167,0.9793730490978141,0.012433446912374593,26.0
e25_bridge256_chain_k13_glob2/bridge_chain_ordered.json,e25_bridge256_chain_k13_glob2,bridge,chain_ordered,chain_ordered,256,256,1,True,True,False,False,0,2,,True,e18,2802064,0.4230769230769231,1800,5.562895718916412,0.21395752765063122,0.0027162576752521542,26.0
e25_bridge256_chain_k13_glob2/bridge_chain_ordered.json,e25_bridge256_chain_k13_glob2,bridge,chain_ordered,chain_ordered,256,256,1,True,True,False,False,0,2,,True,e21,2835344,0.9963942307692307,1650,25.84829911804308,0.9941653506939646,0.012621239803731973,26.0
e25_bridge256_chain_k13_glob2/bridge_chain_ordered.json,e25_bridge256_chain_k13_glob2,bridge,chain_ordered,chain_ordered,256,256,1,True,True,False,False,0,2,,True,e18_local,2802062,0.23317307692307693,1800,0.0,0.0,0.0,26.0
e25_bridge256_chain_shuf0_k13_glob2/bridge_chain_shuffled.json,e25_bridge256_chain_shuf0_k13_glob2,bridge,chain_shuffled,chain_shuffled,256,256,1,True,True,False,False,0,2,,True,dense,2802067,0.9927884615384616,700,25.658818194482933,0.9868776228647282,0.01252871982152487,26.0
e25_bridge256_chain_shuf0_k13_glob2/bridge_chain_shuffled.json,e25_bridge256_chain_shuf0_k13_glob2,bridge,chain_shuffled,chain_shuffled,256,256,1,True,True,False,False,0,2,,True,e18,2802064,0.7151442307692307,800,16.369760264119574,0.629606164004599,0.007993047003964636,26.0
e25_bridge256_chain_shuf0_k13_glob2/bridge_chain_shuffled.json,e25_bridge256_chain_shuf0_k13_glob2,bridge,chain_shuffled,chain_shuffled,256,256,1,True,True,False,False,0,2,,True,e21,2835344,0.71875,800,16.59600206546839,0.6383077717487843,0.008103516633529487,26.0
e25_bridge256_chain_shuf0_k13_glob2/bridge_chain_shuffled.json,e25_bridge256_chain_shuf0_k13_glob2,bridge,chain_shuffled,chain_shuffled,256,256,1,True,True,False,False,0,2,,True,e18_local,2802062,0.22115384615384615,800,0.0,0.0,0.0,26.0
e25_bridge256_chain_shuf1_k13_glob2/bridge_chain.json,e25_bridge256_chain_shuf1_k13_glob2,bridge,chain,chain,256,256,1,True,True,False,False,0,2,,True,dense,2802067,0.8641826923076923,3200,21.5437647567651,0.8286063367986577,0.010519416385139209,26.0
e25_bridge256_chain_shuf1_k13_glob2/bridge_chain.json,e25_bridge256_chain_shuf1_k13_glob2,bridge,chain,chain,256,256,1,True,True,False,False,0,2,,True,e18,2802064,0.9903846153846154,2450,25.442862073542944,0.9785716182131902,0.01242327249684714,26.0
e25_bridge256_chain_shuf1_k13_glob2/bridge_chain.json,e25_bridge256_chain_shuf1_k13_glob2,bridge,chain,chain,256,256,1,True,True,False,False,0,2,,True,e21,2835344,0.46033653846153844,3200,6.2843278548251185,0.2417049174932738,0.0030685194603638274,26.0
e25_bridge256_chain_shuf1_k13_glob2/bridge_chain.json,e25_bridge256_chain_shuf1_k13_glob2,bridge,chain,chain,256,256,1,True,True,False,False,0,2,,True,e18_local,2802062,0.24759615384615385,3200,0.0,0.0,0.0,26.0
e25_bridge256_chain_shuf1_k13_glob2_extrahop/bridge_chain.json,e25_bridge256_chain_shuf1_k13_glob2_extrahop,bridge,chain,chain,256,256,1,True,True,False,False,1,2,,True,dense,2802067,0.9375,3200,23.917125682637163,0.9198894493321985,0.011678284024725177,26.0
e25_bridge256_chain_shuf1_k13_glob2_extrahop/bridge_chain.json,e25_bridge256_chain_shuf1_k13_glob2_extrahop,bridge,chain,chain,256,256,1,True,True,False,False,1,2,,True,e18,2802064,0.47115384615384615,3200,9.751947314903395,0.3750748967270537,0.0047616930248551735,26.0
e25_bridge256_chain_shuf1_k13_glob2_extrahop/bridge_chain.json,e25_bridge256_chain_shuf1_k13_glob2_extrahop,bridge,chain,chain,256,256,1,True,True,False,False,1,2,,True,e21,2835344,0.9362980769230769,3200,24.0792370452884,0.9261245017418617,0.011757439963519727,26.0
e25_bridge256_chain_shuf1_k13_glob2_extrahop/bridge_chain.json,e25_bridge256_chain_shuf1_k13_glob2_extrahop,bridge,chain,chain,256,256,1,True,True,False,False,1,2,,True,e18_local,2802062,0.24639423076923078,3200,0.0,0.0,0.0,26.0
e25_bridge256_chain_shuf1_k13_glob2_keepswa/bridge_chain.json,e25_bridge256_chain_shuf1_k13_glob2_keepswa,bridge,chain,chain,256,256,1,True,True,False,True,0,2,,True,dense,2802067,0.9915865384615384,3000,25.563270545567182,0.9832027132910455,0.012482065696077725,26.0
e25_bridge256_chain_shuf1_k13_glob2_keepswa/bridge_chain.json,e25_bridge256_chain_shuf1_k13_glob2_keepswa,bridge,chain,chain,256,256,1,True,True,False,True,0,2,,True,e18,2802064,0.4795673076923077,3000,9.574955841316857,0.3682675323583407,0.004675271406892997,26.0
e25_bridge256_chain_shuf1_k13_glob2_keepswa/bridge_chain.json,e25_bridge256_chain_shuf1_k13_glob2_keepswa,bridge,chain,chain,256,256,1,True,True,False,True,0,2,,True,e21,2835344,0.4579326923076923,3000,6.522545152118815,0.25086712123533905,0.0031848365000580153,26.0
e25_bridge256_chain_shuf1_k13_glob2_keepswa/bridge_chain.json,e25_bridge256_chain_shuf1_k13_glob2_keepswa,bridge,chain,chain,256,256,1,True,True,False,True,0,2,,True,e18_local,2802062,0.23197115384615385,3000,0.0,0.0,0.0,26.0
e25_bridge256_chain_shuf1_k13_glob2_keepswa_s8k/bridge_chain.json,e25_bridge256_chain_shuf1_k13_glob2_keepswa_s8k,bridge,chain,chain,256,256,1,True,True,False,True,0,2,,True,e18,2802064,0.8076923076923077,8000,20.945702139678367,0.8056039284491681,0.010227393622889828,26.0
e25_bridge256_chain_shuf1_k13_glob2_keepswa_s8k/bridge_chain.json,e25_bridge256_chain_shuf1_k13_glob2_keepswa_s8k,bridge,chain,chain,256,256,1,True,True,False,True,0,2,,True,e21,2835344,0.6382211538461539,8000,14.765382613327974,0.5678993312818451,0.00720965947916405,26.0
e25_bridge256_chain_shuf1_k13_glob2_keepswa_s8k/bridge_chain.json,e25_bridge256_chain_shuf1_k13_glob2_keepswa_s8k,bridge,chain,chain,256,256,1,True,True,False,True,0,2,,True,e18_local,2802062,0.2608173076923077,8000,0.001040079628697653,4.0003062642217425e-05,5.078513812000258e-07,26.0
e25_bridge256_chain_shuf_k13_glob2/bridge_chain.json,e25_bridge256_chain_shuf_k13_glob2,bridge,chain,chain,256,256,1,True,True,False,False,0,2,,True,dense,2802067,0.9314903846153846,3200,22.888009533046205,0.8803080589633157,0.011175785904807717,26.0
e25_bridge256_chain_shuf_k13_glob2/bridge_chain.json,e25_bridge256_chain_shuf_k13_glob2,bridge,chain,chain,256,256,1,True,True,False,False,0,2,,True,e18,2802064,0.25240384615384615,3200,0.0,0.0,0.0,26.0
e25_bridge256_chain_shuf_k13_glob2/bridge_chain.json,e25_bridge256_chain_shuf_k13_glob2,bridge,chain,chain,256,256,1,True,True,False,False,0,2,,True,e21,2835344,0.24278846153846154,3200,0.0,0.0,0.0,26.0
e25_bridge256_chain_shuf_k13_glob2/bridge_chain.json,e25_bridge256_chain_shuf_k13_glob2,bridge,chain,chain,256,256,1,True,True,False,False,0,2,,True,e18_local,2802062,0.24879807692307693,3200,0.0,0.0,0.0,26.0
e25_bridge256_chain_shuf_k13_glob2_extrahop/bridge_chain.json,e25_bridge256_chain_shuf_k13_glob2_extrahop,bridge,chain,chain,256,256,1,True,True,False,False,1,2,,True,dense,2802067,0.9338942307692307,3200,22.943235226030065,0.8824321240780795,0.011202751575209993,26.0
e25_bridge256_chain_shuf_k13_glob2_extrahop/bridge_chain.json,e25_bridge256_chain_shuf_k13_glob2_extrahop,bridge,chain,chain,256,256,1,True,True,False,False,1,2,,True,e18,2802064,0.25240384615384615,3200,0.0,0.0,0.0,26.0
e25_bridge256_chain_shuf_k13_glob2_extrahop/bridge_chain.json,e25_bridge256_chain_shuf_k13_glob2_extrahop,bridge,chain,chain,256,256,1,True,True,False,False,1,2,,True,e21,2835344,0.9146634615384616,3200,22.598566343279767,0.8691756285876834,0.011034456222304574,26.0
e25_bridge256_chain_shuf_k13_glob2_extrahop/bridge_chain.json,e25_bridge256_chain_shuf_k13_glob2_extrahop,bridge,chain,chain,256,256,1,True,True,False,False,1,2,,True,e18_local,2802062,0.24879807692307693,3200,0.0,0.0,0.0,26.0
e25_bridge264_chain_k13_glob2/bridge_chain_ordered.json,e25_bridge264_chain_k13_glob2,bridge,chain_ordered,chain_ordered,264,256,1,True,True,False,False,0,2,,True,dense,2802067,0.8233173076923077,3200,17.653853592313457,0.678994368935133,0.008358832193330236,26.0
e25_bridge264_chain_k13_glob2/bridge_chain_ordered.json,e25_bridge264_chain_k13_glob2,bridge,chain_ordered,chain_ordered,264,256,1,True,True,False,False,0,2,,True,e18,2802064,0.2620192307692308,3200,0.0058762317709620746,0.0002260089142677721,2.7823067097358308e-06,26.0
e25_bridge264_chain_k13_glob2/bridge_chain_ordered.json,e25_bridge264_chain_k13_glob2,bridge,chain_ordered,chain_ordered,264,256,1,True,True,False,False,0,2,,True,e21,2835344,0.49278846153846156,3200,11.00120590113032,0.42312330388962766,0.00520890430924731,26.0
e25_bridge264_chain_k13_glob2/bridge_chain_ordered.json,e25_bridge264_chain_k13_glob2,bridge,chain_ordered,chain_ordered,264,256,1,True,True,False,False,0,2,,True,e18_local,2802062,0.2512019230769231,3200,0.00048423170111193853,1.8624296196613023e-05,2.2927637363254665e-07,26.0
e25_bridge264_chain_k13_glob2_s8k/bridge_chain_ordered.json,e25_bridge264_chain_k13_glob2_s8k,bridge,chain_ordered,chain_ordered,264,256,1,True,True,False,False,0,2,,True,e18,2802064,0.4795673076923077,8000,9.867836104360789,0.37953215786003036,0.004672270882746586,26.0
e25_bridge264_chain_k13_glob2_s8k/bridge_chain_ordered.json,e25_bridge264_chain_k13_glob2_s8k,bridge,chain_ordered,chain_ordered,264,256,1,True,True,False,False,0,2,,True,e21,2835344,0.9903846153846154,4050,25.607738229289453,0.9849130088188252,0.012124876055534778,26.0
e25_bridge264_chain_k13_glob2_s8k/bridge_chain_ordered.json,e25_bridge264_chain_k13_glob2_s8k,bridge,chain_ordered,chain_ordered,264,256,1,True,True,False,False,0,2,,True,e18_local,2802062,0.24639423076923078,8000,0.0,0.0,0.0,26.0
e25_bridge272_chain_k13_glob2/bridge_chain_ordered.json,e25_bridge272_chain_k13_glob2,bridge,chain_ordered,chain_ordered,272,256,1,True,True,False,False,0,2,,True,dense,2802067,0.9903846153846154,2850,25.33048078425857,0.9742492609330219,0.01164084594864824,26.0
e25_bridge272_chain_k13_glob2/bridge_chain_ordered.json,e25_bridge272_chain_k13_glob2,bridge,chain_ordered,chain_ordered,272,256,1,True,True,False,False,0,2,,True,e18,2802064,0.9903846153846154,1650,25.353922084064664,0.9751508493871025,0.011651618604809129,26.0
e25_bridge272_chain_k13_glob2/bridge_chain_ordered.json,e25_bridge272_chain_k13_glob2,bridge,chain_ordered,chain_ordered,272,256,1,True,True,False,False,0,2,,True,e21,2835344,0.46153846153846156,2850,8.87189558010392,0.34122675308092004,0.004077157895268346,26.0
e25_bridge272_chain_k13_glob2/bridge_chain_ordered.json,e25_bridge272_chain_k13_glob2,bridge,chain_ordered,chain_ordered,272,256,1,True,True,False,False,0,2,,True,e18_local,2802062,0.2247596153846154,2850,0.0,0.0,0.0,26.0
e25_bridge272_chain_k13_glob2_extrahop/bridge_chain_ordered.json,e25_bridge272_chain_k13_glob2_extrahop,bridge,chain_ordered,chain_ordered,272,256,1,True,True,False,False,1,2,,True,dense,2802067,0.8052884615384616,3200,15.839837001322037,0.6092245000508476,0.0072793368572252005,26.0
e25_bridge272_chain_k13_glob2_extrahop/bridge_chain_ordered.json,e25_bridge272_chain_k13_glob2_extrahop,bridge,chain_ordered,chain_ordered,272,256,1,True,True,False,False,1,2,,True,e18,2802064,0.4543269230769231,3200,10.174840958554782,0.39134003686749164,0.004675937940512308,26.0
e25_bridge272_chain_k13_glob2_extrahop/bridge_chain_ordered.json,e25_bridge272_chain_k13_glob2_extrahop,bridge,chain_ordered,chain_ordered,272,256,1,True,True,False,False,1,2,,True,e21,2835344,0.39903846153846156,3200,8.493038438171258,0.32665532454504836,0.003903050752836056,26.0
e25_bridge272_chain_k13_glob2_extrahop/bridge_chain_ordered.json,e25_bridge272_chain_k13_glob2_extrahop,bridge,chain_ordered,chain_ordered,272,256,1,True,True,False,False,1,2,,True,e18_local,2802062,0.2764423076923077,3200,0.01959356800377841,0.0007535987693760927,9.004397060559932e-06,26.0
e25_bridge272_chain_k13_glob2_extrahop_s8k/bridge_chain_ordered.json,e25_bridge272_chain_k13_glob2_extrahop_s8k,bridge,chain_ordered,chain_ordered,272,256,1,True,True,False,False,1,2,,True,e18,2802064,0.9903846153846154,2550,25.49000320607504,0.9803847386951939,0.01171415588514478,26.0
e25_bridge272_chain_k13_glob2_extrahop_s8k/bridge_chain_ordered.json,e25_bridge272_chain_k13_glob2_extrahop_s8k,bridge,chain_ordered,chain_ordered,272,256,1,True,True,False,False,1,2,,True,e21,2835344,0.9903846153846154,5450,25.482101742652958,0.980080836255883,0.011710524697910367,26.0
e25_bridge272_chain_k13_glob2_extrahop_s8k/bridge_chain_ordered.json,e25_bridge272_chain_k13_glob2_extrahop_s8k,bridge,chain_ordered,chain_ordered,272,256,1,True,True,False,False,1,2,,True,e18_local,2802062,0.2247596153846154,8000,0.0,0.0,0.0,26.0
e25_bridge272_chain_k13_glob2_keepswa/bridge_chain_ordered.json,e25_bridge272_chain_k13_glob2_keepswa,bridge,chain_ordered,chain_ordered,272,256,1,True,True,False,True,0,2,,True,dense,2802067,0.9483173076923077,3200,23.530179336721165,0.9050068975661987,0.010813501533419654,26.0
e25_bridge272_chain_k13_glob2_keepswa/bridge_chain_ordered.json,e25_bridge272_chain_k13_glob2_keepswa,bridge,chain_ordered,chain_ordered,272,256,1,True,True,False,True,0,2,,True,e18,2802064,0.2608173076923077,3200,0.010635335685638996,0.0004090513725245768,4.8875623555326265e-06,26.0
e25_bridge272_chain_k13_glob2_keepswa/bridge_chain_ordered.json,e25_bridge272_chain_k13_glob2_keepswa,bridge,chain_ordered,chain_ordered,272,256,1,True,True,False,True,0,2,,True,e21,2835344,0.38341346153846156,3200,3.7192265671938265,0.143047175661301,0.0017092033856589276,26.0
e25_bridge272_chain_k13_glob2_keepswa/bridge_chain_ordered.json,e25_bridge272_chain_k13_glob2_keepswa,bridge,chain_ordered,chain_ordered,272,256,1,True,True,False,True,0,2,,True,e18_local,2802062,0.2764423076923077,3200,0.02010538837274805,0.0007732841681826173,9.239608627182008e-06,26.0
e25_bridge272_chain_k13_glob2_keepswa_s8k/bridge_chain_ordered.json,e25_bridge272_chain_k13_glob2_keepswa_s8k,bridge,chain_ordered,chain_ordered,272,256,1,True,True,False,True,0,2,,True,e18,2802064,0.9927884615384616,7800,25.460907009219422,0.979265654200747,0.011700784471148631,26.0
e25_bridge272_chain_k13_glob2_keepswa_s8k/bridge_chain_ordered.json,e25_bridge272_chain_k13_glob2_keepswa_s8k,bridge,chain_ordered,chain_ordered,272,256,1,True,True,False,True,0,2,,True,e21,2835344,0.9915865384615384,4650,25.55214726127853,0.9827748946645589,0.011742714734043442,26.0
e25_bridge272_chain_k13_glob2_keepswa_s8k/bridge_chain_ordered.json,e25_bridge272_chain_k13_glob2_keepswa_s8k,bridge,chain_ordered,chain_ordered,272,256,1,True,True,False,True,0,2,,True,e18_local,2802062,0.2247596153846154,8000,0.0,0.0,0.0,26.0
e25_bridge272_chain_k13_glob2_s8k/bridge_chain_ordered.json,e25_bridge272_chain_k13_glob2_s8k,bridge,chain_ordered,chain_ordered,272,256,1,True,True,False,False,0,2,,True,e18,2802064,0.9519230769230769,8000,23.644673604854038,0.9094105232636169,0.010866118384583658,26.0
e25_bridge272_chain_k13_glob2_s8k/bridge_chain_ordered.json,e25_bridge272_chain_k13_glob2_s8k,bridge,chain_ordered,chain_ordered,272,256,1,True,True,False,False,0,2,,True,e21,2835344,0.2764423076923077,8000,0.017379807321872016,0.0006684541277643083,7.98704380600736e-06,26.0
e25_bridge272_chain_k13_glob2_s8k/bridge_chain_ordered.json,e25_bridge272_chain_k13_glob2_s8k,bridge,chain_ordered,chain_ordered,272,256,1,True,True,False,False,0,2,,True,e18_local,2802062,0.2247596153846154,8000,0.0,0.0,0.0,26.0
e25_bridge288_chain_k13_glob2/bridge_chain_ordered.json,e25_bridge288_chain_k13_glob2,bridge,chain_ordered,chain_ordered,288,256,1,True,True,False,False,0,2,,True,dense,2802067,0.9314903846153846,3200,22.200490656061135,0.8538650252331207,0.009635629625026534,26.0
e25_bridge288_chain_k13_glob2/bridge_chain_ordered.json,e25_bridge288_chain_k13_glob2,bridge,chain_ordered,chain_ordered,288,256,1,True,True,False,False,0,2,,True,e18,2802064,0.26802884615384615,3200,0.0027709130269812795,0.00010657357796081844,1.2026532235161804e-06,26.0
e25_bridge288_chain_k13_glob2/bridge_chain_ordered.json,e25_bridge288_chain_k13_glob2,bridge,chain_ordered,chain_ordered,288,256,1,True,True,False,False,0,2,,True,e21,2835344,0.24519230769230768,3200,0.00011825262007652244,4.548177695250863e-06,5.132492190821286e-08,26.0
e25_bridge288_chain_k13_glob2/bridge_chain_ordered.json,e25_bridge288_chain_k13_glob2,bridge,chain_ordered,chain_ordered,288,256,1,True,True,False,False,0,2,,True,e18_local,2802062,0.24519230769230768,3200,0.0,0.0,0.0,26.0
e25_bridge288_chain_k13_glob2_extrahop/bridge_chain_ordered.json,e25_bridge288_chain_k13_glob2_extrahop,bridge,chain_ordered,chain_ordered,288,256,1,True,True,False,False,1,2,,True,dense,2802067,0.9951923076923077,1850,25.76588208117227,0.9909954646604718,0.011183108542175463,26.0
e25_bridge288_chain_k13_glob2_extrahop/bridge_chain_ordered.json,e25_bridge288_chain_k13_glob2_extrahop,bridge,chain_ordered,chain_ordered,288,256,1,True,True,False,False,1,2,,True,e18,2802064,0.26802884615384615,1850,0.0031368921080166955,0.0001206496964621806,1.3614983107711352e-06,26.0
e25_bridge288_chain_k13_glob2_extrahop/bridge_chain_ordered.json,e25_bridge288_chain_k13_glob2_extrahop,bridge,chain_ordered,chain_ordered,288,256,1,True,True,False,False,1,2,,True,e21,2835344,0.23798076923076922,1850,0.0,0.0,0.0,26.0
e25_bridge288_chain_k13_glob2_extrahop/bridge_chain_ordered.json,e25_bridge288_chain_k13_glob2_extrahop,bridge,chain_ordered,chain_ordered,288,256,1,True,True,False,False,1,2,,True,e18_local,2802062,0.24519230769230768,1850,0.0018683480752539005,7.185954135591924e-05,8.109149632178388e-07,26.0
e25_bridge288_chain_k13_glob2_keepswa/bridge_chain_ordered.json,e25_bridge288_chain_k13_glob2_keepswa,bridge,chain_ordered,chain_ordered,288,256,1,True,True,False,True,0,2,,False,dense,2802067,0.4699519230769231,3200,8.79780682997343,0.33837718576820885,0.0038184925477315235,26.0
e25_bridge320_chain_k13_glob2/bridge_chain_ordered.json,e25_bridge320_chain_k13_glob2,bridge,chain_ordered,chain_ordered,320,256,1,True,True,False,False,0,2,,False,dense,2802067,0.2620192307692308,3200,0.0,0.0,0.0,26.0
e25_bridge384_chain_k13_glob2/bridge_chain_ordered.json,e25_bridge384_chain_k13_glob2,bridge,chain_ordered,chain_ordered,384,256,1,True,True,False,False,0,2,,False,dense,2802067,0.24519230769230768,3200,0.05469453911427356,0.0021036361197797524,1.7804211951260926e-05,26.0
e25_bridge512/bridge_far_copy.json,e25_bridge512,bridge,far_copy,far_copy,512,128,,,,,,,,,True,dense,594892,0.99462890625,300,61.216260693971165,0.9565040733432995,0.014945376145989054,64.0
e25_bridge512/bridge_far_copy.json,e25_bridge512,bridge,far_copy,far_copy,512,128,,,,,,,,,True,e18,594892,0.99365234375,450,63.224093692296044,0.9878764639421257,0.015435569749095714,64.0
e25_bridge512/bridge_far_copy.json,e25_bridge512,bridge,far_copy,far_copy,512,128,,,,,,,,,True,e21,603212,0.2509765625,800,0.004647483295454357,7.261692649147433e-05,1.1346394764292864e-06,64.0
e25_bridge512/bridge_far_copy.json,e25_bridge512,bridge,far_copy,far_copy,512,128,,,,,,,,,True,e18_local,594892,0.2509765625,800,0.0,0.0,0.0,64.0
e25_bridge512_chain_k13/bridge_chain_ordered.json,e25_bridge512_chain_k13,bridge,chain_ordered,chain_ordered,512,256,1,True,True,False,,,,,False,dense,2260816,0.2247596153846154,3200,0.0,0.0,0.0,26.0
e25_bridge512_chain_k13_glob2/bridge_chain_ordered.json,e25_bridge512_chain_k13_glob2,bridge,chain_ordered,chain_ordered,512,256,1,True,True,False,False,0,2,,False,dense,2802067,0.2247596153846154,3200,0.0,0.0,0.0,26.0
e25_bridge512_chain_s0/bridge_chain_ordered.json,e25_bridge512_chain_s0,bridge,chain_ordered,chain_ordered,512,256,1,True,True,False,,,,,False,dense,2260816,0.3235677083333333,3200,1.1019491224914013,0.02295727338523753,0.0002690305474832523,48.0
e25_bridge512_chain_s0_h512/bridge_chain_ordered.json,e25_bridge512_chain_s0_h512,bridge,chain_ordered,chain_ordered,512,512,1,True,True,False,,,,,False,dense,10818128,0.24088541666666666,3200,0.0,0.0,0.0,48.0
e25_bridge512_ip_id/bridge_far_copy.json,e25_bridge512_ip_id,bridge,far_copy,far_copy,512,128,1,True,True,False,,,,,True,dense,594892,1.0,350,63.922632067414426,0.9987911260533504,0.0156061113445836,64.0
e25_bridge512_ip_id/bridge_far_copy.json,e25_bridge512_ip_id,bridge,far_copy,far_copy,512,128,1,True,True,False,,,,,True,e18,594892,1.0,300,63.94286568923976,0.9991072763943712,0.01561105119366205,64.0
e25_bridge512_ip_id/bridge_far_copy.json,e25_bridge512_ip_id,bridge,far_copy,far_copy,512,128,1,True,True,False,,,,,True,e21,603212,0.99755859375,750,62.638041612619304,0.9787194001971766,0.015292490628080885,64.0
e25_bridge512_ip_id/bridge_far_copy.json,e25_bridge512_ip_id,bridge,far_copy,far_copy,512,128,1,True,True,False,,,,,True,e18_local,594892,0.2509765625,800,0.0,0.0,0.0,64.0
e25_bridge512_ip_id_chain/bridge_chain_ordered.json,e25_bridge512_ip_id_chain,bridge,chain_ordered,chain_ordered,512,128,1,True,True,False,,,,,False,dense,594892,0.24153645833333334,3200,0.0,0.0,0.0,48.0
e25_bridge512_ip_id_match2/bridge_recall.json,e25_bridge512_ip_id_match2,bridge,recall,recall,512,128,1,True,True,False,False,0,1,,False,dense,594892,0.5579427083333334,3200,18.43512840699871,0.38406517514580646,0.00450076377123992,48.0
e25_bridge512_ip_id_match2_nd1/bridge_recall.json,e25_bridge512_ip_id_match2_nd1,bridge,recall,recall,512,128,1,True,True,False,False,0,1,,True,dense,594892,0.9928385416666666,1650,47.02609789156831,0.9797103727410066,0.01148098093055867,48.0
e25_bridge512_ip_id_match2_nd1/bridge_recall.json,e25_bridge512_ip_id_match2_nd1,bridge,recall,recall,512,128,1,True,True,False,False,0,1,,True,e18,594892,0.6829427083333334,1650,26.656297430060356,0.5553395297929241,0.006507885114760829,48.0
e25_bridge512_ip_id_match2_nd1/bridge_recall.json,e25_bridge512_ip_id_match2_nd1,bridge,recall,recall,512,128,1,True,True,False,False,0,1,,True,e21,603212,0.5592447916666666,1650,20.780084334288965,0.4329184236310201,0.005073262776926017,48.0
e25_bridge512_ip_id_match2_nd1/bridge_recall.json,e25_bridge512_ip_id_match2_nd1,bridge,recall,recall,512,128,1,True,True,False,False,0,1,,True,e18_local,594892,0.26171875,1650,0.018695070183296674,0.00038948062881868076,4.564226118968915e-06,48.0
e25_bridge512_ip_id_recall/bridge_recall_single.json,e25_bridge512_ip_id_recall,bridge,recall_single,recall_single,512,128,1,True,True,False,,,,,True,dense,594892,0.9986979166666666,350,47.688898443820044,0.9935187175795843,0.011642797471635753,48.0
e25_bridge512_ip_id_recall/bridge_recall_single.json,e25_bridge512_ip_id_recall,bridge,recall_single,recall_single,512,128,1,True,True,False,,,,,True,e18,594892,0.994140625,350,46.668714288444065,0.9722648810092515,0.011393729074327164,48.0
e25_bridge512_ip_id_recall/bridge_recall_single.json,e25_bridge512_ip_id_recall,bridge,recall_single,recall_single,512,128,1,True,True,False,,,,,True,e21,603212,0.916015625,800,43.077596322555664,0.8974499233865764,0.010516991289686441,48.0
e25_bridge512_ip_id_recall/bridge_recall_single.json,e25_bridge512_ip_id_recall,bridge,recall_single,recall_single,512,128,1,True,True,False,,,,,True,e18_local,594892,0.2532552083333333,800,0.0,0.0,0.0,48.0
e25_bridge512_ip_id_select/bridge_select_1decoy.json,e25_bridge512_ip_id_select,bridge,select_1decoy,select_1decoy,512,128,1,True,True,False,,,,,True,dense,594892,0.9986979166666666,400,47.796271265094916,0.9957556513561441,0.011669011539329813,48.0
e25_bridge512_ip_id_select/bridge_select_1decoy.json,e25_bridge512_ip_id_select,bridge,select_1decoy,select_1decoy,512,128,1,True,True,False,,,,,True,e18,594892,1.0,400,47.920413284301674,0.9983419434229516,0.011699319649487713,48.0
e25_bridge512_ip_id_select/bridge_select_1decoy.json,e25_bridge512_ip_id_select,bridge,select_1decoy,select_1decoy,512,128,1,True,True,False,,,,,True,e21,603212,1.0,700,47.98465363738015,0.9996802841120864,0.011715003329438513,48.0
e25_bridge512_ip_id_select/bridge_select_1decoy.json,e25_bridge512_ip_id_select,bridge,select_1decoy,select_1decoy,512,128,1,True,True,False,,,,,True,e18_local,594892,0.23372395833333334,800,0.0,0.0,0.0,48.0
e25_bridge512_ip_r1/bridge_far_copy.json,e25_bridge512_ip_r1,bridge,far_copy,far_copy,512,128,1,,True,False,,,,,True,dense,594892,1.0,350,63.95269504324404,0.9992608600506881,0.015613450938292002,64.0
e25_bridge512_ip_r1/bridge_far_copy.json,e25_bridge512_ip_r1,bridge,far_copy,far_copy,512,128,1,,True,False,,,,,True,e18,594892,1.0,300,63.93192727555187,0.998936363680498,0.015608380682507781,64.0
e25_bridge512_ip_r1/bridge_far_copy.json,e25_bridge512_ip_r1,bridge,far_copy,far_copy,512,128,1,,True,False,,,,,True,e21,603212,0.2509765625,800,0.0,0.0,0.0,64.0
e25_bridge512_ip_r1/bridge_far_copy.json,e25_bridge512_ip_r1,bridge,far_copy,far_copy,512,128,1,,True,False,,,,,True,e18_local,594892,0.2509765625,800,0.0,0.0,0.0,64.0
e25_bridge512_ip_r10_mean_recall/bridge_recall_single.json,e25_bridge512_ip_r10_mean_recall,bridge,recall_single,recall_single,512,128,10,True,True,False,,,,,True,dense,594892,0.9993489583333334,350,47.887271037038,0.9976514799382917,0.011691228280526855,48.0
e25_bridge512_ip_r10_mean_recall/bridge_recall_single.json,e25_bridge512_ip_r10_mean_recall,bridge,recall_single,recall_single,512,128,10,True,True,False,,,,,True,e18,594892,1.0,350,47.94116395853067,0.9987742491360557,0.011704385732063153,48.0
e25_bridge512_ip_r10_mean_recall/bridge_recall_single.json,e25_bridge512_ip_r10_mean_recall,bridge,recall_single,recall_single,512,128,10,True,True,False,,,,,True,e21,603212,0.2545572916666667,800,0.0,0.0,0.0,48.0
e25_bridge512_ip_r10_mean_recall/bridge_recall_single.json,e25_bridge512_ip_r10_mean_recall,bridge,recall_single,recall_single,512,128,10,True,True,False,,,,,True,e18_local,594892,0.251953125,800,0.0,0.0,0.0,48.0
e25_bridge512_ip_r10_rem_recall/bridge_recall_single.json,e25_bridge512_ip_r10_rem_recall,bridge,recall_single,recall_single,512,128,10,True,True,True,,,,,True,dense,594892,0.9993489583333334,400,47.88303981774676,0.9975633295363909,0.01169019526800458,48.0
e25_bridge512_ip_r10_rem_recall/bridge_recall_single.json,e25_bridge512_ip_r10_rem_recall,bridge,recall_single,recall_single,512,128,10,True,True,True,,,,,True,e18,594892,1.0,350,47.79359852571352,0.9956999692856984,0.011668359015066777,48.0
e25_bridge512_ip_r10_rem_recall/bridge_recall_single.json,e25_bridge512_ip_r10_rem_recall,bridge,recall_single,recall_single,512,128,10,True,True,True,,,,,True,e21,603212,0.9505208333333334,8000,44.213603301293524,0.9211167354436152,0.010794336743479864,48.0
e25_bridge512_ip_r10_rem_recall/bridge_recall_single.json,e25_bridge512_ip_r10_rem_recall,bridge,recall_single,recall_single,512,128,10,True,True,True,,,,,True,e18_local,594892,0.24934895833333334,8000,0.0,0.0,0.0,48.0
e25_bridge512_ip_r10_rem_recall/bridge_recall_single_800.json,e25_bridge512_ip_r10_rem_recall,bridge,recall_single,recall_single,512,128,10,True,True,True,,,,,True,dense,594892,1.0,400,47.958314131624604,0.9991315444088459,0.011708572786041163,48.0
e25_bridge512_ip_r10_rem_recall/bridge_recall_single_800.json,e25_bridge512_ip_r10_rem_recall,bridge,recall_single,recall_single,512,128,10,True,True,True,,,,,True,e18,594892,0.994140625,350,46.5183616376063,0.9691325341167979,0.011357021884181225,48.0
e25_bridge512_ip_r10_rem_recall/bridge_recall_single_800.json,e25_bridge512_ip_r10_rem_recall,bridge,recall_single,recall_single,512,128,10,True,True,True,,,,,True,e21,603212,0.4420572916666667,800,8.647543463670406,0.18015715549313346,0.0021112166659351577,48.0
e25_bridge512_ip_r10_rem_recall/bridge_recall_single_800.json,e25_bridge512_ip_r10_rem_recall,bridge,recall_single,recall_single,512,128,10,True,True,True,,,,,True,e18_local,594892,0.24283854166666666,800,0.0,0.0,0.0,48.0
e25_bridge512_ip_r12_mean_recall/bridge_recall_single.json,e25_bridge512_ip_r12_mean_recall,bridge,recall_single,recall_single,512,128,12,True,True,False,,,,,True,dense,594892,1.0,550,47.9065349588715,0.9980528116431562,0.011695931386443236,48.0
e25_bridge512_ip_r12_mean_recall/bridge_recall_single.json,e25_bridge512_ip_r12_mean_recall,bridge,recall_single,recall_single,512,128,12,True,True,False,,,,,True,e18,594892,1.0,350,47.96107809302252,0.9991891269379692,0.011709247581304327,48.0
e25_bridge512_ip_r12_mean_recall/bridge_recall_single.json,e25_bridge512_ip_r12_mean_recall,bridge,recall_single,recall_single,512,128,12,True,True,False,,,,,True,e21,603212,0.8170572916666666,8000,34.33172009851449,0.7152441687190518,0.008381767602176389,48.0
e25_bridge512_ip_r12_mean_recall/bridge_recall_single.json,e25_bridge512_ip_r12_mean_recall,bridge,recall_single,recall_single,512,128,12,True,True,False,,,,,True,e18_local,594892,0.24934895833333334,8000,0.0,0.0,0.0,48.0
e25_bridge512_ip_r12_mean_recall_800/bridge_recall_single.json,e25_bridge512_ip_r12_mean_recall_800,bridge,recall_single,recall_single,512,128,12,True,True,False,,,,,True,dense,594892,1.0,400,47.91796391544976,0.9982909149052034,0.011698721659045352,48.0
e25_bridge512_ip_r12_mean_recall_800/bridge_recall_single.json,e25_bridge512_ip_r12_mean_recall_800,bridge,recall_single,recall_single,512,128,12,True,True,False,,,,,True,e18,594892,1.0,350,47.96406106895185,0.9992512722698302,0.011709975846912073,48.0
e25_bridge512_ip_r12_mean_recall_800/bridge_recall_single.json,e25_bridge512_ip_r12_mean_recall_800,bridge,recall_single,recall_single,512,128,12,True,True,False,,,,,True,e21,603212,0.3977864583333333,800,5.794219203180548,0.12071290006626141,0.001414604297651501,48.0
e25_bridge512_ip_r12_mean_recall_800/bridge_recall_single.json,e25_bridge512_ip_r12_mean_recall_800,bridge,recall_single,recall_single,512,128,12,True,True,False,,,,,True,e18_local,594892,0.2532552083333333,800,0.0,0.0,0.0,48.0
e25_bridge512_ip_r12_mean_recall_s8k/bridge_recall_single.json,e25_bridge512_ip_r12_mean_recall_s8k,bridge,recall_single,recall_single,512,128,12,True,True,False,,,,,True,dense,594892,1.0,550,47.9065349588715,0.9980528116431562,0.011695931386443236,48.0
e25_bridge512_ip_r12_mean_recall_s8k/bridge_recall_single.json,e25_bridge512_ip_r12_mean_recall_s8k,bridge,recall_single,recall_single,512,128,12,True,True,False,,,,,True,e18,594892,1.0,350,47.96107809302252,0.9991891269379692,0.011709247581304327,48.0
e25_bridge512_ip_r12_mean_recall_s8k/bridge_recall_single.json,e25_bridge512_ip_r12_mean_recall_s8k,bridge,recall_single,recall_single,512,128,12,True,True,False,,,,,True,e21,603212,0.8170572916666666,8000,34.33172009851449,0.7152441687190518,0.008381767602176389,48.0
e25_bridge512_ip_r12_mean_recall_s8k/bridge_recall_single.json,e25_bridge512_ip_r12_mean_recall_s8k,bridge,recall_single,recall_single,512,128,12,True,True,False,,,,,True,e18_local,594892,0.24934895833333334,8000,0.0,0.0,0.0,48.0
e25_bridge512_ip_r12_rem_recall/bridge_recall_single.json,e25_bridge512_ip_r12_rem_recall,bridge,recall_single,recall_single,512,128,12,True,True,True,,,,,True,dense,594892,1.0,350,47.8658518501217,0.9972052468775355,0.011685998986846118,48.0
e25_bridge512_ip_r12_rem_recall/bridge_recall_single.json,e25_bridge512_ip_r12_rem_recall,bridge,recall_single,recall_single,512,128,12,True,True,True,,,,,True,e18,594892,1.0,400,47.95854080341481,0.9991362667378086,0.011708628125833695,48.0
e25_bridge512_ip_r12_rem_recall/bridge_recall_single.json,e25_bridge512_ip_r12_rem_recall,bridge,recall_single,recall_single,512,128,12,True,True,True,,,,,True,e21,603212,0.978515625,8000,46.05984419558578,0.9595800874080371,0.011245079149312935,48.0
e25_bridge512_ip_r12_rem_recall/bridge_recall_single.json,e25_bridge512_ip_r12_rem_recall,bridge,recall_single,recall_single,512,128,12,True,True,True,,,,,True,e18_local,594892,0.24934895833333334,8000,0.0,0.0,0.0,48.0
e25_bridge512_ip_r12_rem_recall/bridge_recall_single_800.json,e25_bridge512_ip_r12_rem_recall,bridge,recall_single,recall_single,512,128,12,True,True,True,,,,,True,dense,594892,0.9993489583333334,350,47.718386900855535,0.9941330604344903,0.011649996801966683,48.0
e25_bridge512_ip_r12_rem_recall/bridge_recall_single_800.json,e25_bridge512_ip_r12_rem_recall,bridge,recall_single,recall_single,512,128,12,True,True,True,,,,,True,e18,594892,1.0,350,47.96324618559254,0.999234295533178,0.011709776900779428,48.0
e25_bridge512_ip_r12_rem_recall/bridge_recall_single_800.json,e25_bridge512_ip_r12_rem_recall,bridge,recall_single,recall_single,512,128,12,True,True,True,,,,,True,e21,603212,0.41015625,800,6.143173377642393,0.1279827787008832,0.0014997981879009748,48.0
e25_bridge512_ip_r12_rem_recall/bridge_recall_single_800.json,e25_bridge512_ip_r12_rem_recall,bridge,recall_single,recall_single,512,128,12,True,True,True,,,,,True,e18_local,594892,0.24934895833333334,800,0.0,0.0,0.0,48.0
e25_bridge512_ip_r12_rem_select/bridge_select_1decoy.json,e25_bridge512_ip_r12_rem_select,bridge,select_1decoy,select_1decoy,512,128,12,True,True,True,,,,,True,dense,594892,1.0,350,47.93489778408263,0.9986437038350549,0.011702855904317048,48.0
e25_bridge512_ip_r12_rem_select/bridge_select_1decoy.json,e25_bridge512_ip_r12_rem_select,bridge,select_1decoy,select_1decoy,512,128,12,True,True,True,,,,,True,e18,594892,1.0,350,47.895278656751316,0.9978183053489859,0.011693183265808427,48.0
e25_bridge512_ip_r12_rem_select/bridge_select_1decoy.json,e25_bridge512_ip_r12_rem_select,bridge,select_1decoy,select_1decoy,512,128,12,True,True,True,,,,,True,e21,603212,0.9375,8000,43.28996617526854,0.9018742953180946,0.01056883939825892,48.0
e25_bridge512_ip_r12_rem_select/bridge_select_1decoy.json,e25_bridge512_ip_r12_rem_select,bridge,select_1decoy,select_1decoy,512,128,12,True,True,True,,,,,True,e18_local,594892,0.24609375,8000,0.0,0.0,0.0,48.0
e25_bridge512_ip_r12_rem_select/bridge_select_1decoy_800.json,e25_bridge512_ip_r12_rem_select,bridge,select_1decoy,select_1decoy,512,128,12,True,True,True,,,,,True,dense,594892,1.0,350,47.91691335405251,0.9982690282094273,0.011698465174329226,48.0
e25_bridge512_ip_r12_rem_select/bridge_select_1decoy_800.json,e25_bridge512_ip_r12_rem_select,bridge,select_1decoy,select_1decoy,512,128,12,True,True,True,,,,,True,e18,594892,1.0,400,47.95286782131467,0.9990180796107223,0.011707243120438152,48.0
e25_bridge512_ip_r12_rem_select/bridge_select_1decoy_800.json,e25_bridge512_ip_r12_rem_select,bridge,select_1decoy,select_1decoy,512,128,12,True,True,True,,,,,True,e21,603212,0.4505208333333333,800,8.919003631514679,0.18581257565655582,0.0021774911209752634,48.0
e25_bridge512_ip_r12_rem_select/bridge_select_1decoy_800.json,e25_bridge512_ip_r12_rem_select,bridge,select_1decoy,select_1decoy,512,128,12,True,True,True,,,,,True,e18_local,594892,0.23372395833333334,800,0.0,0.0,0.0,48.0
e25_bridge512_ip_r16_learned/bridge_far_copy.json,e25_bridge512_ip_r16_learned,bridge,far_copy,far_copy,512,128,16,False,True,False,,,,,True,dense,594892,1.0,350,63.943969573320466,0.9991245245831323,0.015611320696611442,64.0
e25_bridge512_ip_r16_learned/bridge_far_copy.json,e25_bridge512_ip_r16_learned,bridge,far_copy,far_copy,512,128,16,False,True,False,,,,,True,e18,594892,1.0,300,63.94205658342263,0.9990946341159785,0.015610853658062165,64.0
e25_bridge512_ip_r16_learned/bridge_far_copy.json,e25_bridge512_ip_r16_learned,bridge,far_copy,far_copy,512,128,16,False,True,False,,,,,True,e21,603212,0.2509765625,800,0.0020911331730295696,3.2673955828587026e-05,5.105305598216723e-07,64.0
e25_bridge512_ip_r16_learned/bridge_far_copy.json,e25_bridge512_ip_r16_learned,bridge,far_copy,far_copy,512,128,16,False,True,False,,,,,True,e18_local,594892,0.2509765625,800,0.0,0.0,0.0,64.0
e25_bridge512_ip_r16_mean/bridge_far_copy.json,e25_bridge512_ip_r16_mean,bridge,far_copy,far_copy,512,128,16,True,True,False,,,,,True,dense,594892,1.0,350,63.91271363445868,0.9986361505384169,0.015603689852162764,64.0
e25_bridge512_ip_r16_mean/bridge_far_copy.json,e25_bridge512_ip_r16_mean,bridge,far_copy,far_copy,512,128,16,True,True,False,,,,,True,e18,594892,1.0,350,63.936127857746186,0.9990019977772842,0.015609406215270065,64.0
e25_bridge512_ip_r16_mean/bridge_far_copy.json,e25_bridge512_ip_r16_mean,bridge,far_copy,far_copy,512,128,16,True,True,False,,,,,True,e21,603212,0.8427734375,8000,47.356764203889625,0.7399494406857754,0.01156171001071524,64.0
e25_bridge512_ip_r16_mean/bridge_far_copy.json,e25_bridge512_ip_r16_mean,bridge,far_copy,far_copy,512,128,16,True,True,False,,,,,True,e18_local,594892,0.2392578125,8000,0.0,0.0,0.0,64.0
e25_bridge512_ip_r16_mean/bridge_far_copy_800.json,e25_bridge512_ip_r16_mean,bridge,far_copy,far_copy,512,128,16,True,True,False,,,,,True,dense,594892,1.0,350,63.9408476045061,0.9990757438204078,0.015610558497193871,64.0
e25_bridge512_ip_r16_mean/bridge_far_copy_800.json,e25_bridge512_ip_r16_mean,bridge,far_copy,far_copy,512,128,16,True,True,False,,,,,True,e18,594892,0.99951171875,300,63.46250928558619,0.9916017075872842,0.015493776681051315,64.0
e25_bridge512_ip_r16_mean/bridge_far_copy_800.json,e25_bridge512_ip_r16_mean,bridge,far_copy,far_copy,512,128,16,True,True,False,,,,,True,e21,603212,0.42431640625,800,8.175367115553009,0.12774011118051576,0.0019959392371955587,64.0
e25_bridge512_ip_r16_mean/bridge_far_copy_800.json,e25_bridge512_ip_r16_mean,bridge,far_copy,far_copy,512,128,16,True,True,False,,,,,True,e18_local,594892,0.2509765625,800,0.0,0.0,0.0,64.0
e25_bridge512_ip_r16_mean/bridge_far_copy_s3k.json,e25_bridge512_ip_r16_mean,bridge,far_copy,far_copy,512,128,16,True,True,False,,,,,True,dense,594892,1.0,350,63.933219676802985,0.9989565574500466,0.015608696210156979,64.0
e25_bridge512_ip_r16_mean/bridge_far_copy_s3k.json,e25_bridge512_ip_r16_mean,bridge,far_copy,far_copy,512,128,16,True,True,False,,,,,True,e18,594892,1.0,300,63.93384523682321,0.9989663318253627,0.015608848934771291,64.0
e25_bridge512_ip_r16_mean/bridge_far_copy_s3k.json,e25_bridge512_ip_r16_mean,bridge,far_copy,far_copy,512,128,16,True,True,False,,,,,True,e21,603212,0.48046875,3200,22.982562910333073,0.35910254547395426,0.005610977273030535,64.0
e25_bridge512_ip_r16_mean/bridge_far_copy_s3k.json,e25_bridge512_ip_r16_mean,bridge,far_copy,far_copy,512,128,16,True,True,False,,,,,True,e18_local,594892,0.2431640625,3200,0.0,0.0,0.0,64.0
e25_bridge512_ip_r16_mean_recall/bridge_recall_single.json,e25_bridge512_ip_r16_mean_recall,bridge,recall_single,recall_single,512,128,16,True,True,False,,,,,True,dense,594892,0.990234375,350,46.97382660255229,0.9786213875531729,0.011468219385388743,48.0
e25_bridge512_ip_r16_mean_recall/bridge_recall_single.json,e25_bridge512_ip_r16_mean_recall,bridge,recall_single,recall_single,512,128,16,True,True,False,,,,,True,e18,594892,1.0,400,47.9391686373132,0.9987326799440251,0.011703898593094043,48.0
e25_bridge512_ip_r16_mean_recall/bridge_recall_single.json,e25_bridge512_ip_r16_mean_recall,bridge,recall_single,recall_single,512,128,16,True,True,False,,,,,True,e21,603212,0.2545572916666667,800,0.0,0.0,0.0,48.0
e25_bridge512_ip_r16_mean_recall/bridge_recall_single.json,e25_bridge512_ip_r16_mean_recall,bridge,recall_single,recall_single,512,128,16,True,True,False,,,,,True,e18_local,594892,0.2532552083333333,800,0.0,0.0,0.0,48.0
e25_bridge512_ip_r16_rem_recall/bridge_recall_single.json,e25_bridge512_ip_r16_rem_recall,bridge,recall_single,recall_single,512,128,16,True,True,True,,,,,True,dense,594892,1.0,350,47.95200491448734,0.9990001023851529,0.01170703244982601,48.0
e25_bridge512_ip_r16_rem_recall/bridge_recall_single.json,e25_bridge512_ip_r16_rem_recall,bridge,recall_single,recall_single,512,128,16,True,True,True,,,,,True,e18,594892,1.0,350,47.85686132268641,0.9970179442226337,0.011683804033858988,48.0
e25_bridge512_ip_r16_rem_recall/bridge_recall_single.json,e25_bridge512_ip_r16_rem_recall,bridge,recall_single,recall_single,512,128,16,True,True,True,,,,,True,e21,603212,0.9264322916666666,8000,40.919639367323,0.8524924868192292,0.009990146329912842,48.0
e25_bridge512_ip_r16_rem_recall/bridge_recall_single.json,e25_bridge512_ip_r16_rem_recall,bridge,recall_single,recall_single,512,128,16,True,True,True,,,,,True,e18_local,594892,0.24934895833333334,8000,0.0,0.0,0.0,48.0
e25_bridge512_ip_r16_rem_recall/bridge_recall_single_800.json,e25_bridge512_ip_r16_rem_recall,bridge,recall_single,recall_single,512,128,16,True,True,True,,,,,True,dense,594892,0.998046875,350,47.767512562693774,0.995156511722787,0.01166199037175141,48.0
e25_bridge512_ip_r16_rem_recall/bridge_recall_single_800.json,e25_bridge512_ip_r16_rem_recall,bridge,recall_single,recall_single,512,128,16,True,True,True,,,,,True,e18,594892,1.0,350,47.731602370215306,0.9944083827128188,0.011653223234915846,48.0
e25_bridge512_ip_r16_rem_recall/bridge_recall_single_800.json,e25_bridge512_ip_r16_rem_recall,bridge,recall_single,recall_single,512,128,16,True,True,True,,,,,True,e21,603212,0.3639322916666667,800,4.724141773650943,0.09841962028439465,0.0011533549252077497,48.0
e25_bridge512_ip_r16_rem_recall/bridge_recall_single_800.json,e25_bridge512_ip_r16_rem_recall,bridge,recall_single,recall_single,512,128,16,True,True,True,,,,,True,e18_local,594892,0.24739583333333334,800,0.0,0.0,0.0,48.0
e25_bridge512_ip_r16_rem_select/bridge_select_1decoy.json,e25_bridge512_ip_r16_rem_select,bridge,select_1decoy,select_1decoy,512,128,16,True,True,True,,,,,True,dense,594892,0.998046875,400,47.711288929629376,0.9939851860339454,0.011648263898835297,48.0
e25_bridge512_ip_r16_rem_select/bridge_select_1decoy.json,e25_bridge512_ip_r16_rem_select,bridge,select_1decoy,select_1decoy,512,128,16,True,True,True,,,,,True,e18,594892,1.0,400,47.938066250019006,0.9987097135420626,0.011703629455571046,48.0
e25_bridge512_ip_r16_rem_select/bridge_select_1decoy.json,e25_bridge512_ip_r16_rem_select,bridge,select_1decoy,select_1decoy,512,128,16,True,True,True,,,,,True,e21,603212,0.8450520833333334,8000,35.93793899556623,0.7487070624076299,0.008773910887589411,48.0
e25_bridge512_ip_r16_rem_select/bridge_select_1decoy.json,e25_bridge512_ip_r16_rem_select,bridge,select_1decoy,select_1decoy,512,128,16,True,True,True,,,,,True,e18_local,594892,0.24609375,8000,0.0,0.0,0.0,48.0
e25_bridge512_ip_r16_rem_select/bridge_select_1decoy_800.json,e25_bridge512_ip_r16_rem_select,bridge,select_1decoy,select_1decoy,512,128,16,True,True,True,,,,,True,dense,594892,0.9947916666666666,400,47.02128452712728,0.9796100943151518,0.011479805792755683,48.0
e25_bridge512_ip_r16_rem_select/bridge_select_1decoy_800.json,e25_bridge512_ip_r16_rem_select,bridge,select_1decoy,select_1decoy,512,128,16,True,True,True,,,,,True,e18,594892,1.0,350,47.76101660598804,0.9950211792914176,0.011660404444821299,48.0
e25_bridge512_ip_r16_rem_select/bridge_select_1decoy_800.json,e25_bridge512_ip_r16_rem_select,bridge,select_1decoy,select_1decoy,512,128,16,True,True,True,,,,,True,e21,603212,0.3561197916666667,800,4.561300344646794,0.09502709051347488,0.0011135987169547837,48.0
e25_bridge512_ip_r16_rem_select/bridge_select_1decoy_800.json,e25_bridge512_ip_r16_rem_select,bridge,select_1decoy,select_1decoy,512,128,16,True,True,True,,,,,True,e18_local,594892,0.23372395833333334,800,0.0,0.0,0.0,48.0
e25_bridge512_ip_r4_mean_recall/bridge_recall_single.json,e25_bridge512_ip_r4_mean_recall,bridge,recall_single,recall_single,512,128,4,True,True,False,,,,,True,dense,594892,1.0,350,47.957576897088536,0.9991161853560112,0.011708392797140756,48.0
e25_bridge512_ip_r4_mean_recall/bridge_recall_single.json,e25_bridge512_ip_r4_mean_recall,bridge,recall_single,recall_single,512,128,4,True,True,False,,,,,True,e18,594892,1.0,400,47.9637976345264,0.9992457840526333,0.011709911531866797,48.0
e25_bridge512_ip_r4_mean_recall/bridge_recall_single.json,e25_bridge512_ip_r4_mean_recall,bridge,recall_single,recall_single,512,128,4,True,True,False,,,,,True,e21,603212,0.9934895833333334,1900,47.044113203233174,0.9800856917340245,0.011485379200008099,48.0
e25_bridge512_ip_r4_mean_recall/bridge_recall_single.json,e25_bridge512_ip_r4_mean_recall,bridge,recall_single,recall_single,512,128,4,True,True,False,,,,,True,e18_local,594892,0.24934895833333334,8000,0.0,0.0,0.0,48.0
e25_bridge512_ip_r4_mean_recall_800/bridge_recall_single.json,e25_bridge512_ip_r4_mean_recall_800,bridge,recall_single,recall_single,512,128,4,True,True,False,,,,,True,dense,594892,1.0,350,47.96071604938823,0.9991815843622548,0.011709159191745174,48.0
e25_bridge512_ip_r4_mean_recall_800/bridge_recall_single.json,e25_bridge512_ip_r4_mean_recall_800,bridge,recall_single,recall_single,512,128,4,True,True,False,,,,,True,e18,594892,1.0,350,47.97268119144008,0.9994308581550018,0.011712080369003926,48.0
e25_bridge512_ip_r4_mean_recall_800/bridge_recall_single.json,e25_bridge512_ip_r4_mean_recall_800,bridge,recall_single,recall_single,512,128,4,True,True,False,,,,,True,e21,603212,0.7825520833333334,800,29.759613608052582,0.6199919501677622,0.0072655306660284625,48.0
e25_bridge512_ip_r4_mean_recall_800/bridge_recall_single.json,e25_bridge512_ip_r4_mean_recall_800,bridge,recall_single,recall_single,512,128,4,True,True,False,,,,,True,e18_local,594892,0.23697916666666666,800,0.0,0.0,0.0,48.0
e25_bridge512_ip_r4_mean_recall_s8k/bridge_recall_single.json,e25_bridge512_ip_r4_mean_recall_s8k,bridge,recall_single,recall_single,512,128,4,True,True,False,,,,,True,dense,594892,1.0,350,47.957576897088536,0.9991161853560112,0.011708392797140756,48.0
e25_bridge512_ip_r4_mean_recall_s8k/bridge_recall_single.json,e25_bridge512_ip_r4_mean_recall_s8k,bridge,recall_single,recall_single,512,128,4,True,True,False,,,,,True,e18,594892,1.0,400,47.9637976345264,0.9992457840526333,0.011709911531866797,48.0
e25_bridge512_ip_r4_mean_recall_s8k/bridge_recall_single.json,e25_bridge512_ip_r4_mean_recall_s8k,bridge,recall_single,recall_single,512,128,4,True,True,False,,,,,True,e21,603212,0.9934895833333334,1900,47.044113203233174,0.9800856917340245,0.011485379200008099,48.0
e25_bridge512_ip_r4_mean_recall_s8k/bridge_recall_single.json,e25_bridge512_ip_r4_mean_recall_s8k,bridge,recall_single,recall_single,512,128,4,True,True,False,,,,,True,e18_local,594892,0.24934895833333334,8000,0.0,0.0,0.0,48.0
e25_bridge512_ip_r8_mean_recall/bridge_recall_single.json,e25_bridge512_ip_r8_mean_recall,bridge,recall_single,recall_single,512,128,8,True,True,False,,,,,True,dense,594892,1.0,400,47.95139572237846,0.9989874108828846,0.011706883721283803,48.0
e25_bridge512_ip_r8_mean_recall/bridge_recall_single.json,e25_bridge512_ip_r8_mean_recall,bridge,recall_single,recall_single,512,128,8,True,True,False,,,,,True,e18,594892,1.0,400,47.95651651924404,0.9990940941509175,0.011708133915831065,48.0
e25_bridge512_ip_r8_mean_recall/bridge_recall_single.json,e25_bridge512_ip_r8_mean_recall,bridge,recall_single,recall_single,512,128,8,True,True,False,,,,,True,e21,603212,0.9908854166666666,7100,47.15523467660431,0.9824007224292566,0.011512508465967849,48.0
e25_bridge512_ip_r8_mean_recall/bridge_recall_single.json,e25_bridge512_ip_r8_mean_recall,bridge,recall_single,recall_single,512,128,8,True,True,False,,,,,True,e18_local,594892,0.24934895833333334,8000,0.0,0.0,0.0,48.0
e25_bridge512_ip_r8_mean_recall_800/bridge_recall_single.json,e25_bridge512_ip_r8_mean_recall_800,bridge,recall_single,recall_single,512,128,8,True,True,False,,,,,True,dense,594892,1.0,650,47.971515708010855,0.9994065772502262,0.011711795827151088,48.0
e25_bridge512_ip_r8_mean_recall_800/bridge_recall_single.json,e25_bridge512_ip_r8_mean_recall_800,bridge,recall_single,recall_single,512,128,8,True,True,False,,,,,True,e18,594892,1.0,350,47.789545356836044,0.9956155282674177,0.0116673694718838,48.0
e25_bridge512_ip_r8_mean_recall_800/bridge_recall_single.json,e25_bridge512_ip_r8_mean_recall_800,bridge,recall_single,recall_single,512,128,8,True,True,False,,,,,True,e21,603212,0.5651041666666666,800,15.901380932480912,0.33127876942668566,0.0038821730792189726,48.0
e25_bridge512_ip_r8_mean_recall_800/bridge_recall_single.json,e25_bridge512_ip_r8_mean_recall_800,bridge,recall_single,recall_single,512,128,8,True,True,False,,,,,True,e18_local,594892,0.24934895833333334,800,0.0,0.0,0.0,48.0
e25_bridge512_ip_r8_mean_recall_s8k/bridge_recall_single.json,e25_bridge512_ip_r8_mean_recall_s8k,bridge,recall_single,recall_single,512,128,8,True,True,False,,,,,True,dense,594892,1.0,400,47.95139572237846,0.9989874108828846,0.011706883721283803,48.0
e25_bridge512_ip_r8_mean_recall_s8k/bridge_recall_single.json,e25_bridge512_ip_r8_mean_recall_s8k,bridge,recall_single,recall_single,512,128,8,True,True,False,,,,,True,e18,594892,1.0,400,47.95651651924404,0.9990940941509175,0.011708133915831065,48.0
e25_bridge512_ip_r8_mean_recall_s8k/bridge_recall_single.json,e25_bridge512_ip_r8_mean_recall_s8k,bridge,recall_single,recall_single,512,128,8,True,True,False,,,,,True,e21,603212,0.9908854166666666,7100,47.15523467660431,0.9824007224292566,0.011512508465967849,48.0
e25_bridge512_ip_r8_mean_recall_s8k/bridge_recall_single.json,e25_bridge512_ip_r8_mean_recall_s8k,bridge,recall_single,recall_single,512,128,8,True,True,False,,,,,True,e18_local,594892,0.24934895833333334,8000,0.0,0.0,0.0,48.0
e25_bridge512_ip_r8_select/bridge_select_1decoy.json,e25_bridge512_ip_r8_select,bridge,select_1decoy,select_1decoy,512,128,8,True,True,False,,,,,True,dense,594892,1.0,400,47.91377865314753,0.9982037219405736,0.011697699866491097,48.0
e25_bridge512_ip_r8_select/bridge_select_1decoy.json,e25_bridge512_ip_r8_select,bridge,select_1decoy,select_1decoy,512,128,8,True,True,False,,,,,True,e18,594892,1.0,350,47.903443597594524,0.9979884082832193,0.011695176659568976,48.0
e25_bridge512_ip_r8_select/bridge_select_1decoy.json,e25_bridge512_ip_r8_select,bridge,select_1decoy,select_1decoy,512,128,8,True,True,False,,,,,True,e21,603212,0.9641927083333334,8000,45.52597083526323,0.9484577257346507,0.011114738973452937,48.0
e25_bridge512_ip_r8_select/bridge_select_1decoy.json,e25_bridge512_ip_r8_select,bridge,select_1decoy,select_1decoy,512,128,8,True,True,False,,,,,True,e18_local,594892,0.24609375,8000,0.0,0.0,0.0,48.0
e25_bridge512_ip_r8_select/bridge_select_1decoy_800.json,e25_bridge512_ip_r8_select,bridge,select_1decoy,select_1decoy,512,128,8,True,True,False,,,,,True,dense,594892,0.9967447916666666,350,47.518872880281656,0.9899765183392012,0.011601287324287514,48.0
e25_bridge512_ip_r8_select/bridge_select_1decoy_800.json,e25_bridge512_ip_r8_select,bridge,select_1decoy,select_1decoy,512,128,8,True,True,False,,,,,True,e18,594892,1.0,350,47.94408430187196,0.9988350896223326,0.011705098706511709,48.0
e25_bridge512_ip_r8_select/bridge_select_1decoy_800.json,e25_bridge512_ip_r8_select,bridge,select_1decoy,select_1decoy,512,128,8,True,True,False,,,,,True,e21,603212,0.4329427083333333,800,11.727608275196584,0.24432517239992885,0.002863185614061666,48.0
e25_bridge512_ip_r8_select/bridge_select_1decoy_800.json,e25_bridge512_ip_r8_select,bridge,select_1decoy,select_1decoy,512,128,8,True,True,False,,,,,True,e18_local,594892,0.23372395833333334,800,0.0,0.0,0.0,48.0
e25_bridge512_ip_rawkv/bridge_far_copy.json,e25_bridge512_ip_rawkv,bridge,far_copy,far_copy,512,128,1,,True,False,,,,,True,dense,594892,1.0,350,63.95275519686341,0.9992617999509907,0.01561346562423423,64.0
e25_bridge512_ip_rawkv/bridge_far_copy.json,e25_bridge512_ip_rawkv,bridge,far_copy,far_copy,512,128,1,,True,False,,,,,True,e18,594892,1.0,300,63.89549447885478,0.9983671012321059,0.015599485956751655,64.0
e25_bridge512_ip_rawkv/bridge_far_copy.json,e25_bridge512_ip_rawkv,bridge,far_copy,far_copy,512,128,1,,True,False,,,,,True,e21,603212,0.9951171875,450,63.286716015128206,0.9888549377363782,0.01545085840213091,64.0
e25_bridge512_ip_rawkv/bridge_far_copy.json,e25_bridge512_ip_rawkv,bridge,far_copy,far_copy,512,128,1,,True,False,,,,,True,e18_local,594892,0.2509765625,800,0.0,0.0,0.0,64.0
e25_bridge512_r1/bridge_far_copy.json,e25_bridge512_r1,bridge,far_copy,far_copy,512,128,,,,,,,,,True,dense,594892,1.0,400,63.95203167928737,0.9992504949888652,0.015613288984201019,64.0
e25_bridge512_r1/bridge_far_copy.json,e25_bridge512_r1,bridge,far_copy,far_copy,512,128,,,,,,,,,True,e18,594892,1.0,300,63.93729358571325,0.9990202122767695,0.015609690816824524,64.0
e25_bridge512_r1/bridge_far_copy.json,e25_bridge512_r1,bridge,far_copy,far_copy,512,128,,,,,,,,,True,e21,603212,0.2509765625,800,0.0007923201937136389,1.2380003026775608e-05,1.9343754729336887e-07,64.0
e25_bridge512_r1/bridge_far_copy.json,e25_bridge512_r1,bridge,far_copy,far_copy,512,128,,,,,,,,,True,e18_local,594892,0.2509765625,800,0.0,0.0,0.0,64.0
e25_bridge512_r64/bridge_far_copy.json,e25_bridge512_r64,bridge,far_copy,far_copy,512,128,,,,,,,,,True,dense,594892,1.0,300,63.28256972839422,0.9887901520061597,0.015449846125096246,64.0
e25_bridge512_r64/bridge_far_copy.json,e25_bridge512_r64,bridge,far_copy,far_copy,512,128,,,,,,,,,True,e18,594892,1.0,300,63.9151146949963,0.9986736671093172,0.01560427604858308,64.0
e25_bridge512_r64/bridge_far_copy.json,e25_bridge512_r64,bridge,far_copy,far_copy,512,128,,,,,,,,,True,e21,603212,0.2509765625,800,0.005957303164425508,9.308286194414856e-05,1.4544197178773212e-06,64.0
e25_bridge512_r64/bridge_far_copy.json,e25_bridge512_r64,bridge,far_copy,far_copy,512,128,,,,,,,,,True,e18_local,594892,0.2509765625,800,0.0,0.0,0.0,64.0
e25_bridge512_raw/bridge_far_copy.json,e25_bridge512_raw,bridge,far_copy,far_copy,512,128,16,,,False,,,,,True,dense,594892,1.0,350,63.94001498006146,0.9990627340634604,0.015610355219741568,64.0
e25_bridge512_raw/bridge_far_copy.json,e25_bridge512_raw,bridge,far_copy,far_copy,512,128,16,,,False,,,,,True,e18,594892,0.99609375,300,62.22555085555331,0.9722742321180204,0.01519178487684407,64.0
e25_bridge512_raw/bridge_far_copy.json,e25_bridge512_raw,bridge,far_copy,far_copy,512,128,16,,,False,,,,,True,e21,603212,1.0,450,63.96207560314643,0.999407431299163,0.015615741114049422,64.0
e25_bridge512_raw/bridge_far_copy.json,e25_bridge512_raw,bridge,far_copy,far_copy,512,128,16,,,False,,,,,True,e18_local,594892,0.2509765625,800,0.0,0.0,0.0,64.0
e25_medium_4k_ip_r16_mean/medium_far_copy.json,e25_medium_4k_ip_r16_mean,medium,far_copy,far_copy,4096,256,16,True,True,False,,,,,True,dense,2260816,1.0,400,63.94121314691244,0.9990814554205069,0.0019513309676181775,64.0
e25_medium_4k_ip_r16_mean/medium_far_copy.json,e25_medium_4k_ip_r16_mean,medium,far_copy,far_copy,4096,256,16,True,True,False,,,,,True,e18,2260813,0.2568359375,800,0.0039760630264859525,6.212598478884301e-05,1.21339814040709e-07,64.0
e25_medium_4k_ip_r16_mean/medium_far_copy.json,e25_medium_4k_ip_r16_mean,medium,far_copy,far_copy,4096,256,16,True,True,False,,,,,True,e21,2277453,0.2568359375,800,0.0,0.0,0.0,64.0
e25_medium_4k_ip_r16_mean/medium_far_copy.json,e25_medium_4k_ip_r16_mean,medium,far_copy,far_copy,4096,256,16,True,True,False,,,,,True,e18_local,2260812,0.2568359375,800,0.009013090904955891,0.0001408295453899358,2.7505770583971836e-07,64.0
e25_tiny_chain_ordered/tiny_chain_ordered.json,e25_tiny_chain_ordered,tiny,chain_ordered,chain_ordered,128,128,,,,,,,,,True,dense,594892,0.9314903846153846,3200,23.293348563558723,0.8958980216753356,0.022747410706600316,26.0
e25_tiny_chain_ordered/tiny_chain_ordered.json,e25_tiny_chain_ordered,tiny,chain_ordered,chain_ordered,128,128,,,,,,,,,True,e18,594892,0.9747596153846154,3200,24.578301676019937,0.945319295231536,0.02400224773048822,26.0
e25_tiny_chain_ordered/tiny_chain_ordered.json,e25_tiny_chain_ordered,tiny,chain_ordered,chain_ordered,128,128,,,,,,,,,True,e21,603212,0.49278846153846156,3200,8.218340180976542,0.3160900069606362,0.008025722832984904,26.0
e25_tiny_chain_ordered/tiny_chain_ordered.json,e25_tiny_chain_ordered,tiny,chain_ordered,chain_ordered,128,128,,,,,,,,,True,e18_local,594892,0.25961538461538464,3200,0.0008433314761105998,3.243582600425384e-05,8.235658946392577e-07,26.0
e25_tiny_chain_ordered_e21_steps/tiny_chain_ordered.json,e25_tiny_chain_ordered_e21_steps,tiny,chain_ordered,chain_ordered,128,128,,,,,,,,,True,e21,603212,0.49399038461538464,8000,10.023977777217926,0.3855376068160741,0.00978904079806438,26.0
e25_tiny_far_copy/tiny_far_copy.json,e25_tiny_far_copy,tiny,far_copy,far_copy,128,128,,,,,,,,,True,dense,594892,0.994140625,2400,63.306234777629086,0.9891599184004545,0.061822494900028405,64.0
e25_tiny_far_copy/tiny_far_copy.json,e25_tiny_far_copy,tiny,far_copy,far_copy,128,128,,,,,,,,,True,e18,594892,0.9921875,1400,63.0487230262069,0.9851362972844828,0.061571018580280176,64.0
e25_tiny_far_copy/tiny_far_copy.json,e25_tiny_far_copy,tiny,far_copy,far_copy,128,128,,,,,,,,,True,e21,603212,0.51513671875,2400,17.703914541874163,0.2766236647167838,0.017288979044798987,64.0
e25_tiny_far_copy/tiny_far_copy.json,e25_tiny_far_copy,tiny,far_copy,far_copy,128,128,,,,,,,,,True,e18_local,594892,0.24658203125,2400,0.0,0.0,0.0,64.0
e25_tiny_far_copy_e21_steps/tiny_far_copy.json,e25_tiny_far_copy_e21_steps,tiny,far_copy,far_copy,128,128,,,,,,,,,True,e21,603212,0.845703125,8000,47.005008088079926,0.7344532513762488,0.04590332821101555,64.0
e25_tiny_far_copy_query_align/tiny_far_copy.json,e25_tiny_far_copy_query_align,tiny,far_copy,far_copy,132,128,,,,,,,,,True,dense,594892,0.99072265625,2950,62.10519387083517,0.9703936542317996,0.058811736620109065,64.0
e25_tiny_far_copy_query_align/tiny_far_copy.json,e25_tiny_far_copy_query_align,tiny,far_copy,far_copy,132,128,,,,,,,,,True,e18,594892,0.9921875,1650,62.91641010857042,0.9830689079464128,0.05957993381493411,64.0
e25_tiny_far_copy_query_align/tiny_far_copy.json,e25_tiny_far_copy_query_align,tiny,far_copy,far_copy,132,128,,,,,,,,,True,e21,603212,0.39990234375,2950,8.699201504579401,0.13592502350905314,0.008237880212669886,64.0
e25_tiny_far_copy_query_align/tiny_far_copy.json,e25_tiny_far_copy_query_align,tiny,far_copy,far_copy,132,128,,,,,,,,,True,e18_local,594892,0.23681640625,2950,0.0,0.0,0.0,64.0
e25_tiny_far_copy_remainder/tiny_far_copy.json,e25_tiny_far_copy_remainder,tiny,far_copy,far_copy,128,128,,,,,,,,,True,dense,594892,0.994140625,2400,63.306234777629086,0.9891599184004545,0.061822494900028405,64.0
e25_tiny_far_copy_remainder/tiny_far_copy.json,e25_tiny_far_copy_remainder,tiny,far_copy,far_copy,128,128,,,,,,,,,True,e18,594892,0.9921875,1400,63.0487230262069,0.9851362972844828,0.061571018580280176,64.0
e25_tiny_far_copy_remainder/tiny_far_copy.json,e25_tiny_far_copy_remainder,tiny,far_copy,far_copy,128,128,,,,,,,,,True,e21,603212,0.4755859375,2400,12.706053304381117,0.19853208288095495,0.012408255180059684,64.0
e25_tiny_far_copy_remainder/tiny_far_copy.json,e25_tiny_far_copy_remainder,tiny,far_copy,far_copy,128,128,,,,,,,,,True,e18_local,594892,0.24658203125,2400,0.0,0.0,0.0,64.0
e25_tiny_recall_single/tiny_recall_single.json,e25_tiny_recall_single,tiny,recall_single,recall_single,128,128,,,,,,,,,True,dense,594892,0.9921875,2850,31.372493705860496,0.9803904283081405,0.03063720088462939,32.0
e25_tiny_recall_single/tiny_recall_single.json,e25_tiny_recall_single,tiny,recall_single,recall_single,128,128,,,,,,,,,True,e18,594892,0.2529296875,2850,0.0,0.0,0.0,32.0
e25_tiny_recall_single/tiny_recall_single.json,e25_tiny_recall_single,tiny,recall_single,recall_single,128,128,,,,,,,,,True,e21,603212,0.37890625,2850,3.186444936251939,0.09957640425787309,0.003111762633058534,32.0
e25_tiny_recall_single/tiny_recall_single.json,e25_tiny_recall_single,tiny,recall_single,recall_single,128,128,,,,,,,,,True,e18_local,594892,0.2353515625,2850,0.0,0.0,0.0,32.0
e25_tiny_recall_single_e21_steps/tiny_recall_single.json,e25_tiny_recall_single_e21_steps,tiny,recall_single,recall_single,128,128,,,,,,,,,True,e21,603212,0.451171875,8000,9.813257049657164,0.30666428280178637,0.009583258837555824,32.0
e25_tiny_select_1decoy/tiny_select_1decoy.json,e25_tiny_select_1decoy,tiny,select_1decoy,select_1decoy,128,128,,,,,,,,,True,dense,594892,0.9921875,1900,31.307712710539278,0.9783660222043524,0.030573938193886013,32.0
e25_tiny_select_1decoy/tiny_select_1decoy.json,e25_tiny_select_1decoy,tiny,select_1decoy,select_1decoy,128,128,,,,,,,,,True,e18,594892,0.8232421875,1900,23.16968596981267,0.7240526865566459,0.022626646454895184,32.0
e25_tiny_select_1decoy/tiny_select_1decoy.json,e25_tiny_select_1decoy,tiny,select_1decoy,select_1decoy,128,128,,,,,,,,,True,e21,603212,0.330078125,1900,1.4717393830359435,0.045991855719873236,0.0014372454912460386,32.0
e25_tiny_select_1decoy/tiny_select_1decoy.json,e25_tiny_select_1decoy,tiny,select_1decoy,select_1decoy,128,128,,,,,,,,,True,e18_local,594892,0.2529296875,1900,0.0,0.0,0.0,32.0
